passengerId,passengerName,covidTestResults,address,phone
108-80-6653,Javier Goldsack,negative,3636 Banding Center,103-482-0054
103-68-7587,Nero Dundredge,negative,2052 Sundown Way,527-736-2375
714-32-4803,Peggi Trundell,negative,80 Muir Drive,470-807-3142
301-66-9038,Alicia Francesconi,negative,1555 Commercial Hill,629-562-5612
494-02-0084,Franny Scrivner,negative,069 Clemons Place,864-517-0549
587-86-4143,Even Mayell,positive,6476 Trailsway Way,767-735-9921
872-76-1880,Jereme Drable,positive,34016 Dryden Hill,355-878-0668
505-88-4215,Henrietta Yoxall,negative,9 Starling Alley,987-177-7203
157-30-7732,Aube Bedrosian,positive,301 Fallview Plaza,989-687-9594
635-75-0697,Brandice Rickcord,negative,31 Sugar Drive,905-945-8020
834-96-3329,Joly Bergeon,positive,09 Hauk Lane,439-389-3801
784-51-5100,Nerissa Billion,positive,1145 Fisk Terrace,610-556-4101
805-81-3309,Nanci Angless,positive,05 Randy Avenue,316-224-8242
400-42-9057,Woodrow Blunn,negative,749 Del Sol Lane,562-300-2368
557-18-3122,Brucie Ollett,negative,33984 Texas Crossing,249-179-5469
829-53-8467,Dore Parnell,negative,383 Warbler Pass,599-315-8265
512-08-2987,Donielle Defries,positive,139 Emmet Avenue,314-930-0332
507-23-6788,Lawton Mathivon,negative,7 Carberry Point,623-886-7976
801-44-4982,Kandy Harbar,positive,30978 Tony Road,786-124-7122
185-75-0740,Jeannine Segges,negative,4642 Mcbride Parkway,592-816-3075
706-90-7602,Pauly Biggerstaff,negative,584 Sunbrook Way,426-830-9475
357-93-4550,Sancho Cleeve,positive,0 Bunting Trail,659-676-1659
716-01-5148,Nelson Whiffen,positive,7646 Sycamore Parkway,200-138-3410
322-45-3204,Donny Dwelley,positive,017 Annamark Plaza,391-911-7614
175-06-6230,Berkeley Pounds,positive,29454 Hollow Ridge Hill,241-870-9109
538-05-6625,Clint Haps,negative,663 Packers Place,518-358-5625
371-33-3753,Vaughan Zettoi,positive,39763 Spenser Lane,829-888-2041
158-86-7747,Beverly Lumley,negative,6208 Tony Road,140-449-0693
486-76-7494,Charil Droghan,negative,5 Fairfield Alley,208-505-5251
820-02-5115,Gallagher Rosenstiel,negative,7 Heffernan Junction,557-367-9933
886-50-9583,Teresita Tenny,positive,8505 Bowman Court,932-828-8789
222-25-5951,Lorry Wingatt,negative,96164 Mccormick Road,570-604-3606
819-59-8381,Idell Gelland,negative,9 Miller Point,811-168-4295
807-05-4341,Tony Greatbanks,positive,3464 Moulton Crossing,519-943-1360
831-40-8930,Kore Gainseford,positive,0196 7th Drive,953-637-3604
683-27-6365,Sherilyn Wyche,positive,8 Melby Park,612-881-5144
392-65-3641,Murvyn Doucette,positive,60 Dorton Pass,271-789-6645
816-51-0064,Napoleon Salmon,positive,87 Muir Lane,118-916-7052
271-13-4837,Pooh Brayn,positive,98963 Rigney Road,630-907-5825
614-39-7686,Kalila Cheake,negative,022 Morrow Way,704-135-1038
222-67-7316,Evanne Questier,positive,420 Lake View Alley,464-620-0390
817-30-3274,Anissa Somerville,negative,3598 Ramsey Center,417-612-2905
604-58-8829,Karna Espinay,negative,98467 Alpine Terrace,745-601-1700
218-62-9150,Giselbert Peattie,positive,044 Vera Avenue,531-840-1013
736-13-5518,Sonny Leaf,positive,22 Melody Place,363-820-8455
171-82-6467,Fionna O'Leahy,negative,63478 Emmet Circle,306-298-4899
740-63-6650,Harley Wotton,negative,57482 Daystar Circle,422-865-2647
781-40-4220,Waverly De Witt,positive,3606 Mendota Drive,871-343-0847
190-67-5469,Papagena Bohling,positive,98 Cambridge Street,461-153-1756
859-53-1824,Lind Surtees,negative,174 Blue Bill Park Hill,693-226-2610
564-87-1657,Sianna Curry,negative,406 Spohn Court,318-168-3493
662-97-2896,Torrence Wimes,negative,71 Packers Court,816-484-0606
349-45-4251,Gusti Hassall,negative,2 Bluestem Trail,837-449-4483
135-01-9524,Emelia Rubinowicz,negative,06548 Stuart Street,794-729-1377
518-98-7653,Ingeborg Sinnatt,negative,0352 Loomis Lane,369-893-4494
436-42-0351,Bren Jorck,positive,616 Maryland Avenue,219-360-0136
379-52-5920,Letti Addy,positive,20486 Clyde Gallagher Crossing,259-479-7979
750-93-9352,Lucio Shellshear,positive,95 Butternut Terrace,805-421-9704
892-11-8930,Bryn Keunemann,negative,7 Leroy Circle,388-666-4362
245-43-0234,Merla Garrals,positive,051 Leroy Drive,941-282-6072
893-83-3853,Kaela Proffer,positive,36627 Myrtle Park,836-157-7386
123-66-6035,Kandace Ungerer,negative,91476 Weeping Birch Junction,910-322-9555
797-32-1058,Lulu Calderonello,negative,4 Graceland Park,229-864-6338
418-11-5469,Dwayne Ayer,positive,16 Stone Corner Circle,978-271-3430
177-32-7733,Tabbie Rouse,positive,3 Dayton Circle,446-133-8409
781-16-1604,Duffie Hartshorn,negative,706 Shasta Lane,555-811-7575
656-30-1906,Reinhard Stoop,negative,022 Charing Cross Place,870-768-9427
819-82-4278,Lora Hudleston,positive,175 Clarendon Avenue,911-371-0472
779-99-4773,Vonny Van Geffen,positive,2 Stang Street,425-584-6969
515-61-3225,Kin Jeannel,positive,28827 Pennsylvania Way,822-179-8447
565-52-0291,Rheba Ransley,positive,1770 Express Circle,595-272-5770
371-05-7084,Susanetta Brettle,positive,4642 Red Cloud Junction,313-865-3780
758-63-2260,Woodie Calven,negative,40 Armistice Crossing,101-632-0473
794-43-0437,Hardy Nicol,positive,551 Sage Crossing,141-403-8191
585-64-5266,Jakob Godspeede,positive,212 7th Trail,194-713-0000
403-79-4759,Dixie Isakowicz,positive,7173 Golden Leaf Pass,293-331-1361
434-14-1387,Andy Goodyear,positive,6 Forster Trail,128-449-0741
436-44-1931,Lianne Trump,negative,818 Pankratz Lane,400-544-0071
318-03-9396,Carmon Rushford,positive,56 Carey Circle,659-514-1120
667-33-4458,Cecilia Conor,positive,74 Loftsgordon Way,874-278-0089
302-33-4306,Gabi Bonwell,positive,51318 Portage Center,205-473-0463
194-84-7389,Caitlin Simester,positive,77 Florence Lane,633-420-7250
341-86-0960,Zebedee Argent,positive,76676 Mayfield Road,391-842-1932
455-45-8609,Aldridge Tight,negative,220 Main Drive,909-895-9868
141-92-3014,Shadow Higgoe,positive,26 Raven Junction,127-286-3475
580-89-4161,Heloise Guyton,negative,42876 Anderson Place,416-905-7548
107-48-6596,Kariotta Coulthart,positive,02 Almo Parkway,976-552-9872
897-01-2511,Alastair Grabert,positive,06 Schlimgen Crossing,145-348-8705
746-49-8285,Tawsha O'Mannion,positive,7187 Sugar Drive,774-730-6668
485-90-1726,Forester Beartup,positive,26827 Union Drive,541-851-5297
863-80-6261,Tiena De Meis,positive,09759 Cordelia Trail,411-988-4788
194-41-8422,Lonnard Hoffner,negative,51285 Riverside Junction,924-822-1718
504-27-4014,Ignatius Cammocke,positive,60616 Lotheville Avenue,516-365-0815
645-08-7702,Alex Coppard,negative,64 Pearson Crossing,887-724-9625
534-58-2592,Paul Radford,negative,05610 Wayridge Circle,347-735-2011
178-79-9628,Charlot Bratcher,negative,3 Anhalt Center,297-176-3226
707-83-8199,Alfreda Bransdon,negative,3 Dahle Circle,411-289-0391
627-78-9611,Kerry Duckers,positive,65 Iowa Avenue,380-619-4466
877-67-2008,Aurelea Cross,negative,785 Valley Edge Court,385-883-0256
756-66-8231,Skye Conkie,negative,862 Kinsman Place,262-656-6771
459-25-4677,Donetta Parrington,negative,56121 Continental Hill,413-188-8366
808-91-2831,Nessy Cobbledick,positive,4 Hollow Ridge Trail,576-689-2178
435-63-2219,Clerissa Niave,positive,8065 Quincy Crossing,283-424-9454
717-22-2133,Odey Itzig,negative,68 American Ash Junction,669-865-1210
430-13-9051,Daffie Parsall,negative,569 Atwood Terrace,777-176-2000
100-30-9675,Ethelyn Thireau,negative,44 Browning Terrace,828-872-1752
650-07-5603,Brook Deetch,negative,0501 Lakeland Street,186-383-6014
640-87-8649,Enid Course,negative,840 Tony Point,782-880-7350
332-68-4888,Leeanne Haggith,positive,796 Maywood Point,527-321-3585
653-05-5629,Lois Edridge,negative,753 Golden Leaf Pass,187-257-2874
423-20-7647,Ellynn Boultwood,positive,1294 Florence Place,704-581-6096
711-82-0974,Gui Sheering,negative,13 American Ash Circle,181-163-1482
784-18-0134,Lurline Gaucher,positive,79198 Bunting Terrace,638-209-0360
172-43-9067,Mozes Dransfield,positive,5257 Fair Oaks Avenue,843-254-0927
725-79-9398,Abran Eingerfield,positive,0 Warrior Hill,919-785-9603
639-14-1259,Rosamond Stansbie,positive,48762 Declaration Circle,545-512-8664
389-85-4534,Timmie Attew,positive,0929 Waywood Terrace,844-950-8743
709-21-6440,Corina Newbatt,positive,1420 Crest Line Trail,577-913-7404
665-63-3378,Korrie Capps,positive,3473 Sunnyside Park,152-840-8182
555-53-5807,Olin Maulin,negative,996 Eagan Circle,392-167-9172
404-15-1915,Caddric Trudgian,negative,21 Knutson Place,780-291-8756
168-84-0728,De Mundie,positive,0 Eliot Pass,741-226-6278
834-06-9306,Wendy Dabner,positive,34 Dottie Center,585-436-3962
754-41-4377,Percival Lowde,positive,35 Bultman Drive,875-550-0776
397-20-4859,Thornie Cumine,positive,94 Moland Plaza,750-912-8649
104-04-2707,Pamelina Hinder,positive,58013 4th Parkway,176-642-0754
537-91-9453,Stefanie Frizell,positive,183 Arapahoe Avenue,515-641-4732
713-71-2655,Rodney Frisch,negative,920 Buell Hill,170-670-6406
429-04-2583,Jefferson Dunnett,negative,84 Petterle Pass,135-814-1666
383-26-0277,Ilse Kaplan,negative,7096 Eastlawn Drive,924-678-4040
107-10-3320,Jeralee Dimmne,positive,086 Dakota Alley,760-676-2809
719-36-2640,Barret Gieves,negative,588 Buhler Avenue,236-355-7383
445-19-2400,Brendin Jakucewicz,positive,8 Eggendart Plaza,643-845-3452
539-92-3840,Lyn Ownsworth,positive,839 Spohn Place,893-389-6789
589-70-1090,Beatrisa Huxham,positive,21057 Cascade Avenue,190-925-5966
441-66-4669,Ree Noblet,negative,40 Sunnyside Park,921-826-5341
322-08-0508,Claudio Schonfeld,positive,0796 Karstens Hill,258-111-5215
719-01-6586,Kat Mangeot,positive,16 Sullivan Trail,287-620-5982
630-18-8795,Pail Kobpal,negative,7131 Mendota Place,861-326-6624
817-89-5770,Linnea Bellon,positive,6 Jenna Avenue,338-375-7172
443-31-9318,Gabriela Probate,positive,32097 Sheridan Trail,724-240-1179
264-64-7904,Alex Winslet,positive,414 Artisan Circle,386-334-3088
497-97-9365,Marianna Piesing,positive,3 Heffernan Avenue,892-992-0585
749-73-9392,Kathryn Elsip,positive,01078 Weeping Birch Road,213-862-4590
798-51-0809,Kip Buttriss,positive,7 American Street,448-229-3703
466-31-9757,Arlie Perks,negative,2 Hooker Hill,651-972-3114
157-47-8081,Shaylah Jovovic,positive,56791 Mayfield Lane,957-142-4393
136-16-4848,Kimberly Nussen,negative,684 Merchant Crossing,472-180-1012
413-03-4787,Risa Stoyell,negative,6632 Orin Drive,537-152-8038
692-10-8366,Hube Kenzie,negative,63346 Main Court,332-467-7700
358-23-6694,Ronny Croci,negative,2981 Elgar Place,215-424-5915
342-35-6452,Reginald Beade,negative,331 Ilene Trail,210-326-0469
416-28-1702,Carilyn Billany,positive,49 Warrior Junction,100-369-7912
720-38-5912,Isadore Moyse,negative,43852 Comanche Crossing,183-191-2000
595-71-4824,Shanan Gobat,negative,6 Charing Cross Street,494-471-3556
557-38-0286,Alexei Ennion,positive,5 Surrey Center,217-360-8171
187-60-1927,Nevin Tandey,negative,83 Dapin Lane,438-908-6755
451-31-1208,Kristin Lowder,negative,1302 Cardinal Road,924-237-8797
898-30-2226,Papagena Bezley,negative,0287 Hollow Ridge Terrace,678-399-0748
875-86-9664,Eugenius Flear,negative,38005 Declaration Street,626-409-2786
224-28-9515,Ware McBeith,positive,47 Paget Terrace,820-518-6064
512-39-3747,Clemmie Everix,negative,6 Saint Paul Court,149-995-2759
406-43-8118,Marsha Ockendon,positive,9330 Towne Place,630-288-9589
190-30-6857,Lonee Van Niekerk,positive,8 Springview Terrace,722-934-5958
649-06-0547,Putnam Lobb,negative,5 Erie Hill,772-819-3577
144-82-7573,Britt Fassman,negative,437 Schurz Center,369-778-7526
304-88-9052,Seth Cancellor,positive,391 Homewood Junction,773-187-9299
676-10-3196,Kristal Rainford,negative,2046 Crest Line Trail,817-954-0287
486-76-0160,Gui Renon,positive,42355 Hollow Ridge Trail,321-147-5919
377-98-0359,Dorothea Dauney,positive,928 Thierer Terrace,127-635-0309
849-20-1926,Dedie Stump,negative,1387 Mifflin Center,997-489-4737
407-52-5466,Layne Hakes,positive,48 Lake View Trail,207-788-5069
418-65-8672,Dag Domenici,negative,223 Orin Crossing,938-207-4793
843-10-5373,Bibbie Russi,negative,7635 Myrtle Pass,823-769-0290
608-27-0002,Boyd Gaylor,positive,175 Artisan Drive,215-339-2204
423-02-0046,Gualterio Grimwade,negative,48992 Menomonie Junction,948-825-2732
895-62-0290,Fayette Dutton,positive,1827 Valley Edge Street,826-105-6041
361-55-1524,Cecelia Nicolls,negative,07 Hermina Circle,791-264-2646
222-39-2285,Mariellen Ondrusek,negative,0495 Nobel Street,971-775-7465
290-16-6819,Marion Stegel,positive,47226 Nova Plaza,537-735-3907
737-55-5579,Egbert Harriss,negative,31968 Manley Center,172-995-4896
347-54-2119,Hilario Lomasney,negative,42 Valley Edge Plaza,511-200-6744
878-47-1486,Billie Fosbraey,negative,41 Havey Road,682-612-2074
648-76-1548,Daveen Dozdill,positive,44949 Londonderry Trail,451-237-3957
258-69-3099,Tommie Plester,negative,17430 Golf Course Place,262-170-5488
429-25-2582,Court Curtin,positive,6694 Maple Wood Drive,484-277-4954
525-60-6805,Dari Eakens,positive,883 Lighthouse Bay Pass,313-871-3954
748-77-9685,Michaella Georgot,positive,672 Del Sol Parkway,272-442-3808
352-90-6549,Jeffy Tonry,positive,72781 Merry Circle,661-489-8990
275-33-0780,Molli Doley,positive,7010 Mariners Cove Pass,120-662-3894
216-96-5863,Kaylee Van den Dael,negative,2630 Straubel Parkway,573-467-6586
701-11-1646,Jo Rignall,negative,653 Bunting Pass,982-257-3078
541-40-4423,Merrill Quarrie,positive,02569 Farragut Plaza,225-925-3499
677-62-6979,Natala Klageman,positive,19 Holy Cross Pass,744-495-5222
679-30-7694,Daniella Habergham,positive,54150 Dwight Lane,825-557-6533
585-71-0252,Galvin Covington,negative,0621 Sundown Crossing,914-304-8278
388-99-9108,Moshe Candey,negative,34 David Street,703-304-8438
234-90-1217,Ginnifer Boaler,negative,3962 Heffernan Avenue,585-515-4521
869-99-2555,Torrey Gorst,negative,68054 Leroy Terrace,563-745-4892
823-38-0747,Jeffrey Badgers,positive,2 North Pass,276-115-4660
672-02-2430,Jean Branford,positive,4 Sunnyside Parkway,578-248-9296
425-61-3447,Zola Tofano,negative,45 Buell Court,836-839-4345
752-30-4427,Cathleen O'Curran,positive,56 Erie Lane,747-464-1265
209-29-1908,Adrienne Llywarch,positive,371 Mallory Lane,302-736-0572
517-98-3689,Arabel Scouse,positive,21996 Redwing Terrace,103-842-5083
198-38-2443,Ros Clemmen,negative,09225 Carioca Place,229-211-4556
362-08-1438,Finley Stout,positive,204 Holmberg Terrace,613-705-1887
220-31-5578,Haily Androli,positive,85 Burning Wood Trail,495-870-6709
234-31-8470,Lyman Whitfield,positive,78760 Miller Circle,735-413-3246
704-27-7781,Peria Starrs,negative,481 Troy Court,448-232-3667
341-29-8117,Layne Casey,negative,3943 Huxley Circle,843-316-7871
396-44-7774,Julienne Groucutt,negative,19404 Sachtjen Lane,844-720-3381
792-45-9811,Stillman Minchenton,negative,26035 Union Parkway,522-191-5114
251-51-5389,Brooke Greig,positive,5 Shoshone Hill,392-337-6783
225-02-9302,Roddy Welden,positive,7846 Huxley Crossing,316-736-0701
791-32-6929,Todd Waldocke,negative,60 Springview Street,369-214-9606
131-75-0345,Keefer Birdis,negative,4 Mcguire Way,140-923-2104
285-83-9966,Gerri Georg,positive,0 Blue Bill Park Place,346-406-4449
393-20-2331,Candida Kondrat,positive,4 Butterfield Parkway,643-716-3765
170-88-7015,Orin MacNish,negative,84104 Daystar Road,957-534-1329
416-51-2119,Sascha Van Son,negative,4643 Arapahoe Way,378-351-5292
364-43-0266,Steffi Clissett,positive,3 Blackbird Lane,495-461-3467
869-72-9651,Farrel Krzysztof,positive,74 Straubel Plaza,560-383-5754
226-97-5641,Vin McKeurtan,negative,46 Dennis Way,319-733-8096
645-41-6338,Tiler Winkett,positive,0093 Corscot Lane,288-868-3569
897-40-8979,Arther Savill,negative,60 Pearson Parkway,286-881-2872
792-01-7609,Peg Harbin,negative,0 Brentwood Circle,742-303-3962
207-72-2490,Valentine Mullinder,positive,9876 Canary Street,452-991-1314
296-06-8859,Hermine Stoner,positive,4 Hagan Avenue,212-731-8002
226-80-4300,Ransom Bugg,positive,56 Esch Point,885-479-8212
539-90-1120,Cinnamon MacUchadair,positive,51 Vidon Terrace,182-586-3523
483-89-7267,Jodee Skipsea,negative,8858 Straubel Parkway,100-828-8054
201-31-4853,Goddart Boocock,positive,29 Westport Pass,414-609-6573
616-61-7569,Will Blacktin,negative,518 Stephen Place,344-869-3725
655-04-2632,Tessie Longhorne,negative,135 Morrow Trail,183-430-9407
769-13-3810,Jermaine Schinetti,negative,632 Shelley Park,359-547-7050
575-65-2767,Merrili Kolushev,negative,528 Rockefeller Pass,757-985-7598
422-15-3650,Donni McElhinney,negative,64034 Roth Plaza,693-180-4184
879-94-6620,Ricki Delia,positive,72212 Crescent Oaks Court,302-392-8062
220-99-8528,Berke Figgs,positive,4035 Clarendon Place,148-906-7894
118-63-5349,Anissa Kenson,negative,248 Debra Pass,305-174-3358
392-42-7270,Leanna Kenefick,positive,2 Blaine Pass,317-136-6746
227-30-7720,Ciro Attwooll,positive,49 Melvin Place,107-819-5565
134-05-5918,Aryn Duferie,positive,40250 Red Cloud Pass,915-369-7457
896-68-3070,Donaugh Dows,negative,389 Merry Trail,695-617-8390
802-03-1030,Silva Lawden,positive,7 Vernon Lane,772-274-8275
842-47-2393,Camella Leddie,positive,7 Bay Plaza,518-864-0538
577-72-2052,Meghann Dasent,positive,39202 Linden Lane,868-689-0141
207-94-8333,Tatum Minocchi,negative,5906 Graedel Point,202-556-8153
324-50-2400,Fonzie Rumble,positive,9 Granby Court,483-309-5797
143-99-8736,Audy Pavlenko,negative,83919 Canary Parkway,820-517-7417
123-84-8926,Cilka Palmby,negative,96279 Morning Road,328-746-2406
507-38-3004,Parry Igo,positive,7 Tennyson Center,942-497-6290
820-79-3560,Emmye Kensall,negative,6522 Schmedeman Court,658-984-1107
293-35-6297,Tilly O'Sullivan,positive,09709 Meadow Vale Trail,139-109-7373
298-05-3802,Rossie Prosch,positive,21311 Lukken Crossing,418-199-7066
415-88-3711,Mal Linster,positive,1 Larry Center,676-965-6819
112-58-8308,Orton Browne,negative,54 Bay Lane,485-847-0481
659-71-4493,Kenny Norwell,negative,65035 Utah Terrace,191-435-7139
337-15-0366,Valry Convery,positive,602 Butterfield Circle,696-225-0861
601-86-1015,Rollie Uttley,positive,72 Vidon Road,150-157-6393
208-98-7185,Piggy Rounce,negative,6143 Burning Wood Hill,162-730-6015
790-97-6709,Hatty Sterte,negative,54 Petterle Court,823-469-5253
179-59-3882,Aleece Towns,negative,2038 Sloan Drive,856-463-4658
708-43-1559,Glenn Croix,positive,0297 Red Cloud Center,765-477-0848
446-92-1244,Lem Sorensen,negative,70451 Loeprich Court,199-313-5024
811-88-3745,Klara Simionato,negative,91181 Menomonie Lane,260-259-1093
887-68-8428,Darcy Feedome,negative,54730 Warbler Parkway,297-905-8527
844-51-1629,Marrissa Skyppe,negative,70184 Prairieview Drive,502-459-7224
342-16-8531,Shell Scollick,positive,27 Elka Plaza,377-267-3183
326-99-9078,Joelynn Akers,negative,3357 Packers Park,579-892-6123
630-70-0044,Gayla Focke,positive,9 Erie Plaza,815-636-2509
111-86-7400,Benetta Mcmanaman,positive,30 1st Way,114-145-3725
422-59-9757,Ame Swainston,negative,39277 Burrows Way,882-359-3976
627-72-2229,Trixi Herche,positive,3 Rigney Alley,609-437-9387
239-30-8375,Calypso Levay,positive,448 Amoth Road,794-680-0309
630-27-0211,Moreen Dalgarnowch,positive,35 South Trail,922-698-2085
740-74-1683,Armand Brecken,negative,28561 Southridge Junction,328-682-2774
542-04-7627,Blisse Teasey,negative,2 Pond Crossing,952-214-1958
560-02-2052,Courtney Britzius,negative,4 Oriole Hill,294-766-6478
672-10-2385,Tomi Shedden,positive,76054 Heffernan Way,509-437-7340
874-81-8487,Brendis Boyes,positive,2 Village Green Place,780-912-7708
884-53-1398,Jennine Belcham,negative,57 Haas Avenue,771-936-1301
522-09-6285,Thibaut Cockram,positive,38166 Bellgrove Crossing,352-594-8563
362-63-1714,Vail Clemett,negative,65245 North Junction,855-882-5790
586-51-7001,Bernadina Batts,positive,2590 Sheridan Terrace,346-993-9901
550-18-4505,Tillie Juara,negative,58098 Milwaukee Circle,574-868-0658
710-53-4211,Ketti Basezzi,negative,92722 Fuller Lane,665-849-6653
183-32-7348,Gib Snary,negative,02619 Granby Crossing,895-913-0757
751-18-0600,Kelwin Biggar,negative,0272 Summerview Trail,917-361-1310
310-31-7843,Der McEntegart,positive,81383 Continental Way,657-239-9378
563-07-8808,Sharity Filliskirk,negative,0 Boyd Avenue,113-816-0886
886-78-0750,Whitby Elderton,negative,8665 Gale Center,439-647-7459
326-17-9658,Kimberli Edrich,negative,2196 Blue Bill Park Junction,407-471-8093
549-47-7635,Murdoch Garrad,negative,53 Monterey Alley,445-955-6411
600-77-1534,Hanson Velden,negative,61745 Butternut Street,757-416-9213
503-52-0578,Alice Tunsley,positive,65313 Cody Circle,996-756-5570
301-61-8219,Amabelle Kulic,positive,9018 Sachtjen Way,942-782-0135
664-59-1173,Layton Torvey,positive,0 Shasta Pass,826-839-4178
293-91-5133,Lilas Bulbrook,positive,5111 Vidon Court,512-823-9344
745-03-0922,Zarah Havard,negative,013 Eagle Crest Court,800-146-2161
740-89-4402,Wilbur Gambie,negative,669 Lukken Parkway,507-433-0855
557-75-1855,Brooks Cunniam,positive,8591 Pond Court,720-917-6652
361-49-3219,Rosalyn Rodenhurst,negative,97 Summer Ridge Road,761-515-1400
319-36-5084,Nancee Marcoolyn,positive,6878 Maywood Way,517-167-0546
343-38-9684,Emogene Cockney,positive,4893 Columbus Point,906-670-3056
867-39-6880,Valentine Alliott,negative,81169 Corry Center,323-692-6644
393-60-8574,Shurlocke Ivashinnikov,positive,802 Corscot Park,178-677-2467
506-17-4648,Clerissa McGarva,negative,8 Pond Circle,377-310-4032
493-51-8756,Gerik McCormick,negative,820 Bonner Way,152-756-9646
708-58-3471,Cathe Gepheart,positive,25 Memorial Junction,982-514-1365
497-14-1191,Court Rogier,positive,9 Washington Drive,822-786-1618
248-54-4315,Deloris Gobel,negative,53311 Talmadge Court,728-387-5228
392-48-3213,Barclay Heigho,negative,93627 Boyd Center,584-846-3385
230-91-7175,Lissie Abade,negative,02 Pearson Street,460-719-3923
753-41-6243,Hortensia Subhan,negative,438 Corscot Road,815-281-8402
418-46-5391,Hartley Swateridge,positive,4 Lakewood Gardens Place,463-200-3640
272-84-6367,Janeva Roseman,negative,080 Clemons Crossing,729-756-8096
264-39-7488,Pennie Teal,negative,8790 Northport Plaza,576-548-2036
158-32-2089,Marsha Halbord,negative,8773 Surrey Court,816-444-2064
262-60-1429,Gonzalo Gilli,positive,16 Sommers Drive,395-537-2157
387-16-7364,Charley Ewins,positive,96 Brentwood Parkway,952-204-3716
150-28-0696,Kinnie Bartomeu,positive,078 Hanson Center,848-885-0324
761-68-5861,Stillmann Verrall,negative,7652 Springs Alley,549-894-4487
376-81-9031,Eileen Jahn,positive,522 2nd Drive,238-289-4679
151-90-2827,Lenka Leeds,negative,5 Brickson Park Street,717-299-5171
265-88-6316,Ronna Dugdale,negative,0611 Carpenter Way,647-296-9273
848-57-0644,Tobin Senn,negative,23587 Briar Crest Street,137-196-3468
743-69-5728,Dante Linebarger,negative,1 Barby Junction,268-863-8882
355-38-8834,Leeland Doleman,positive,2 Rusk Trail,622-505-0267
300-74-2230,Calhoun Ouldcott,negative,84 Lawn Circle,950-432-2577
510-92-9589,Pattie Cormode,negative,46 Scoville Alley,408-210-7297
732-35-6461,Brande Oxherd,positive,0 Talmadge Court,754-825-6954
298-20-7448,Charita Patrickson,negative,70968 3rd Avenue,611-794-2515
329-40-2301,Kathie Wafer,positive,74 Crest Line Junction,814-378-4503
786-56-1542,Pattin Kubacki,positive,19 Fair Oaks Center,201-479-9171
894-47-4970,Frazer Gallichan,positive,07 Hansons Center,892-746-7818
881-65-4055,Maryrose Thew,positive,28952 Swallow Circle,496-810-1516
738-39-4343,Koo Jaume,negative,1 Alpine Parkway,958-349-7435
276-66-0705,Brunhilda Jenk,positive,459 Bluejay Place,242-593-3156
185-10-8712,Demetris Franzini,positive,8952 Hanover Court,407-783-4454
397-78-1736,Paulita Hotson,negative,422 Spaight Place,974-377-5872
162-63-1147,Charmane Crosby,negative,67365 Karstens Junction,245-860-8781
494-60-5634,Tallia Few,negative,6 Starling Park,959-979-3609
447-47-7102,Nollie Pennycord,negative,8283 Spohn Drive,678-843-2961
433-96-2491,Bary Claricoats,positive,3 Toban Hill,603-662-4537
411-79-2708,Nicolette Woodyer,positive,74 Cherokee Plaza,847-807-9146
142-45-4364,Fernando Boule,negative,667 Hermina Road,791-924-2228
433-41-8975,Jania Lancashire,positive,2688 Schiller Way,337-352-1802
848-18-4235,Shae Sitlington,negative,767 Daystar Trail,775-421-2373
849-29-1409,Colline Gerraty,negative,26 Springs Drive,431-516-5231
893-81-4416,Gilli Lacotte,negative,790 Aberg Avenue,880-493-9071
799-23-1021,Crin Pinkerton,negative,694 Schiller Drive,490-645-5143
865-04-9101,Junia Redmayne,negative,28 Corscot Crossing,364-512-4522
871-01-6834,Isaiah Ivanishev,negative,0 Chive Road,373-987-6405
237-08-4054,Emalia Clemence,negative,453 Calypso Pass,950-919-9102
198-36-8718,Lotty Gallier,positive,9 North Terrace,307-709-2328
528-69-6043,Matthias Shefton,positive,151 5th Drive,225-251-6221
821-80-5156,Domenico Creavin,negative,67942 Shopko Terrace,765-248-7788
671-47-0058,Ramsay Possa,positive,04 Canary Lane,893-256-5116
624-30-9677,Merlina Peeter,positive,2815 Scott Drive,301-536-3230
789-88-8394,Dietrich Fawcus,negative,54 Algoma Street,447-147-4008
109-79-5810,Caria Stark,positive,341 Barby Alley,201-492-0221
366-76-6806,Teddy Wolford,positive,62 Vera Parkway,432-102-3312
851-12-7105,Corny Desquesnes,positive,87 Hagan Pass,833-509-6668
356-03-3192,Chloris Moules,positive,8144 Michigan Street,782-740-4691
744-51-1704,Delaney Carrett,negative,67 Northwestern Way,947-403-4805
742-28-0162,Garvy Gillions,negative,8 Warrior Court,495-244-1446
473-39-4149,Pippy Barrand,positive,70890 Roxbury Plaza,192-913-8070
133-82-5525,Candra Hrishanok,negative,52 Norway Maple Plaza,719-686-5724
311-30-3528,Jasper Nelhams,positive,7 Grover Court,825-665-0860
507-59-0248,Aurore Wantling,negative,8047 Prairieview Circle,877-520-0324
654-98-3843,Ayn Iorns,positive,65060 Mifflin Court,427-321-2173
810-42-5019,Roshelle Tasseler,positive,679 Melody Circle,757-698-9451
730-65-9462,Frankie Uebel,negative,1 Stephen Trail,350-149-4700
163-59-4874,Darell Chaplyn,negative,35 Jana Alley,284-427-3497
782-49-3575,Greta Drieu,negative,6 Marcy Center,428-456-2460
441-67-7367,Letitia Shama,positive,639 Lakewood Gardens Road,841-403-1575
210-42-8295,Rosalyn Devericks,positive,55 Debra Court,970-529-0669
475-69-1858,Coretta Topham,positive,45727 Everett Point,166-808-4696
531-22-0992,Evaleen Bramham,negative,0923 Forster Trail,332-816-2416
641-69-0321,Dion Mockett,negative,2552 Vidon Avenue,492-263-0430
340-07-0097,Ingaborg Rennebeck,positive,60 Granby Circle,523-196-8096
833-96-0460,Jim Bradden,positive,43662 Hudson Trail,911-419-5742
646-03-5103,Catlaina Carcass,negative,94 La Follette Crossing,234-456-4878
777-89-4985,Wallie Spillett,negative,4 Gateway Crossing,302-514-2851
643-50-6277,Leanna De Carlo,negative,66261 Mcbride Plaza,348-982-5522
533-47-1358,Stacie Armes,positive,15980 Carpenter Avenue,677-817-1847
590-02-6737,Aldis Burgoyne,negative,254 Westport Way,578-888-9192
841-78-5706,Lou Lisciandro,negative,7 Gulseth Way,770-182-2203
463-25-3945,Adolph Aizlewood,negative,8378 Moland Avenue,898-406-2851
266-01-0983,Gae Dacombe,positive,6414 Homewood Park,555-910-6673
328-62-8311,Vanya Townsend,positive,827 Spenser Parkway,728-637-8902
103-58-4566,Sasha Veart,negative,030 Logan Way,325-956-9899
815-18-1506,Melinde Blaycock,positive,363 Northland Alley,897-206-5275
870-55-4563,Corbie Martusov,negative,8070 Shelley Plaza,419-219-1647
236-23-0825,Elisha Sherebrooke,negative,1999 Dawn Place,288-431-1280
753-97-8615,Raine Hanning,negative,8282 Kropf Avenue,874-479-0789
499-43-6879,Boy Meeson,positive,25 Redwing Junction,536-619-9205
191-54-2666,Marve Verling,positive,418 Harbort Point,548-833-9885
458-65-6878,Parrnell Dyche,negative,2 Sherman Pass,635-529-6850
242-38-2668,Gerrilee Fabri,negative,09 Muir Parkway,856-827-1326
130-74-3596,Tedda Theze,negative,677 Kenwood Center,855-285-5426
805-74-4005,Sheela Blackman,positive,1100 Upham Hill,852-579-2660
450-88-8946,Shawn Crummay,negative,5578 Nevada Park,689-478-0808
319-12-8293,Flss Dunphy,negative,5723 Esker Crossing,611-926-5316
477-17-4294,Stephannie Swaden,positive,2 Straubel Center,301-718-6550
518-64-3179,Melesa Bernucci,negative,22 Elgar Center,666-165-4712
594-01-6623,Kermy Orwin,positive,3 Meadow Ridge Way,995-837-0964
347-07-1092,Bathsheba Oldacres,negative,88 Schiller Avenue,961-938-1773
246-30-1376,Delmar Tofano,positive,2 Transport Avenue,700-111-0917
720-04-5598,Hildy Leidl,positive,843 Beilfuss Hill,665-157-5447
855-74-0353,Timi Faireclough,positive,4652 Mallory Hill,671-653-7776
382-63-8819,Ann-marie Tarbath,negative,4 Waxwing Parkway,989-895-6742
310-19-5179,Audy Gagen,positive,19 Sauthoff Circle,537-538-0075
699-06-2932,Lindsay Schutze,positive,3 Forster Alley,264-995-1866
709-38-3671,Noach Shuttle,positive,6826 Nova Place,801-498-8567
356-95-8894,Madelin Smithend,negative,2481 Fuller Circle,633-487-8500
780-18-1344,Ryon Altimas,positive,49872 Logan Street,586-779-4725
234-33-7358,Kristina Croxon,positive,27 Algoma Avenue,741-994-4064
193-72-7779,Abbe Paulley,negative,02 Pierstorff Plaza,651-752-5304
109-90-6094,Joye Woffenden,positive,73 Fuller Avenue,997-769-0202
816-04-1979,Marti McNea,positive,04 Sommers Pass,992-290-5321
885-52-2339,Durante Feye,negative,731 Summerview Lane,158-218-8831
552-32-3415,Gillan Grimsell,positive,7148 Fulton Pass,634-528-0349
716-75-9794,Nessie Bodycombe,negative,03 Elgar Street,412-630-4765
279-27-2708,Benny Narducci,positive,1302 Manley Alley,920-800-0622
523-05-6030,Giulio Howlett,positive,48617 Orin Pass,178-499-0371
532-23-3990,Xenia Duckfield,positive,0 Marcy Junction,913-642-8243
899-35-4708,Luciana Gorke,positive,7 Thompson Lane,662-606-7145
436-93-5852,Micheal Civitillo,positive,8 Katie Junction,487-133-6130
401-73-6542,Alfons Biermatowicz,positive,512 North Center,450-380-6788
621-40-2712,Prince Kimmings,positive,99432 Fairview Crossing,604-533-4826
153-45-6270,Tait Charlton,positive,1 Farragut Trail,312-960-0529
363-41-5644,Carol-jean Danilovic,negative,8 Moose Circle,896-972-3307
823-27-1807,Aryn Varrow,positive,51 Lakewood Gardens Crossing,102-967-7050
602-42-0939,Quinlan Prewer,positive,55 Ryan Way,655-355-7636
823-96-2225,Hewet Troppmann,negative,514 Dixon Hill,892-645-6471
409-13-0404,Dasi Batha,positive,8 Cambridge Alley,676-606-9649
811-68-2977,Ulberto Drinkall,positive,66 East Pass,408-237-1523
553-76-2713,Yvonne Auchterlony,negative,57044 Sundown Court,845-775-1072
808-52-1135,Glenn Mayworth,negative,79504 Cherokee Junction,614-165-7863
496-16-8769,Dorey Hatherley,positive,78 Luster Lane,548-779-9498
508-29-3632,Augustine McClenan,negative,5 Ridgeway Crossing,875-264-7707
630-93-6928,Annabelle Gresham,positive,13 Roxbury Terrace,665-950-6045
557-95-7758,Venita Houseago,negative,82226 Pleasure Plaza,246-420-0114
111-51-2694,Donavon Kain,positive,26763 Kinsman Circle,157-708-0242
318-90-2579,Zorine Davies,negative,41159 Commercial Avenue,957-457-5357
124-81-5463,Nate Harrap,negative,80880 Village Green Drive,855-490-8334
194-26-4286,Alphonse Pistol,negative,40175 Dahle Alley,260-375-5616
328-36-8126,Stephie Guirard,negative,9 Butterfield Road,651-376-8192
812-53-9947,Haze Espinho,positive,307 Packers Circle,626-325-2446
510-26-5568,Ellette Rosenfarb,positive,2759 Di Loreto Junction,978-214-8422
529-30-7135,Faunie Wrate,positive,5 Carberry Park,755-941-9439
340-43-6778,Sharleen Macklam,negative,971 Columbus Circle,162-567-9332
735-53-3282,Lilli Cockings,negative,3 Sycamore Parkway,809-352-6918
138-48-7224,Roscoe Lawlor,positive,0 Melvin Junction,860-369-9944
589-15-1545,Nancie Durant,positive,8 Ridgeway Place,478-362-1962
730-45-4500,Albert Perrat,negative,9545 Hoard Plaza,983-458-4735
484-16-5688,Bess Pankethman,negative,4870 Gulseth Crossing,501-380-6682
864-69-6177,Danette Arblaster,negative,157 Schurz Point,419-213-8172
473-12-8892,Sari Allabush,negative,34 Saint Paul Hill,944-431-2199
616-26-7996,Valma McCleod,positive,18253 Luster Point,951-763-1882
772-01-9378,Cesya Theuss,positive,50911 Harbort Plaza,292-578-2706
284-29-7357,Sandi Pegden,negative,456 Dryden Street,794-678-8870
636-51-7433,Sallie Dutteridge,negative,8128 Bowman Terrace,830-993-7386
791-60-4835,Ted Laviss,positive,58065 Rockefeller Hill,650-633-6704
335-26-1579,Filberto Blindmann,negative,8 Forest Dale Court,692-174-6286
604-55-3246,Zorine Wortt,positive,0535 Farragut Junction,978-559-8415
481-33-8579,Bear Marmion,positive,53452 Commercial Crossing,506-551-0823
386-94-6803,Damon Walrond,negative,65 Rutledge Place,250-514-8574
678-87-8056,Kennan Czyz,negative,37 Pearson Point,375-845-7055
103-42-2167,Neron Press,positive,4 Waubesa Court,509-491-1677
264-62-2661,Mervin Konzel,negative,6 Garrison Lane,654-171-8515
213-14-5050,Hugues Brandli,positive,290 Glacier Hill Trail,902-186-0040
175-46-7580,Persis Pozzo,negative,76278 Fallview Place,234-784-5676
417-37-2240,Minnnie Kinghorn,negative,0507 Hagan Parkway,326-367-3018
180-38-7659,Philippine Stranks,positive,18443 Grim Junction,750-129-9908
110-43-5062,Roi Fossey,positive,4486 Hudson Terrace,676-673-5559
433-73-4491,Deck Pasque,positive,4 Spenser Street,729-398-3562
314-29-6968,Delainey Mixworthy,negative,4 Stang Center,735-576-0257
664-66-8850,Milka Jakoub,negative,7722 Anthes Way,286-563-4866
758-05-5292,Fey Mounce,negative,8 Brickson Park Park,323-234-6493
257-42-2709,Dionisio Alejandro,positive,30509 Glendale Pass,645-280-4483
835-61-5307,Reeva Craigg,negative,041 Farmco Trail,216-773-9922
312-34-0854,Kurtis Grieves,positive,41501 Alpine Court,145-709-2138
863-90-2720,Deva Pancost,positive,5392 Bashford Center,400-220-4975
657-76-7080,Antonio Choffin,positive,6596 Sundown Center,871-896-4023
563-50-9517,Caralie Caley,negative,04 Sunfield Trail,483-134-3454
773-87-8993,Joya Auston,positive,7 Acker Alley,805-628-5686
233-12-2587,Tallie Abbatt,positive,3755 Maple Parkway,453-485-9182
234-80-9826,Susanne Seys,negative,924 Cordelia Court,780-424-2646
331-37-3728,Rancell Frankland,negative,3 Parkside Junction,323-255-0690
101-03-8851,Lothaire Ranby,positive,8440 Kennedy Alley,805-530-7998
432-71-7185,Carol Lock,negative,4275 Carioca Plaza,331-971-3402
176-71-8268,Lisette Garci,positive,40 Derek Lane,915-780-4804
520-98-2329,Erasmus MacCarlich,positive,4401 Maryland Lane,126-788-9144
800-05-9986,Merrilee Gruszczak,positive,044 Sutherland Drive,265-123-3210
196-81-9076,Sylvester Praton,positive,6823 Fuller Place,831-522-7700
180-82-5534,Forbes Agastina,positive,407 Lawn Avenue,150-983-4714
463-42-7536,Tanya Crummey,positive,915 Hagan Center,993-227-1256
191-90-1032,Kristofor Divall,negative,2882 Springview Park,166-740-3164
435-80-0674,Kerrie Bage,negative,54 Cardinal Avenue,594-856-0482
652-67-7675,Odey Whittier,positive,37 Hallows Trail,641-414-8079
778-76-4749,Trish Bashford,negative,80 Marcy Point,558-889-8582
345-32-2489,Graig Jezzard,positive,43047 Vernon Crossing,891-370-5453
150-36-5789,Ertha Litton,negative,03 John Wall Street,359-235-0406
345-78-7735,Johannah Kalinke,positive,60 Talmadge Hill,415-124-7269
811-28-8002,Leeanne Jakubiak,negative,925 Forest Dale Hill,302-400-0414
774-32-7567,Maris Tregidga,negative,9989 Swallow Circle,821-696-0530
466-12-7124,Weber Gilbee,positive,512 Eastlawn Circle,431-998-1159
692-01-0952,Elva McMenemy,negative,37 Erie Junction,643-277-5468
194-13-2381,Florella Westmancoat,negative,22 Harper Parkway,583-497-7614
239-96-8885,Ansell Keuneke,negative,8322 Hagan Center,430-915-7976
306-91-2554,Avigdor Tapton,negative,7691 Dayton Pass,399-281-5828
159-28-8720,Tiertza Gabbett,negative,4486 Summit Drive,534-368-4851
428-13-8734,Genevieve Roft,positive,3 Sutherland Parkway,269-544-1024
142-36-6918,Vinny Erni,negative,822 Golf Way,672-469-8725
454-10-4081,Bartlet Dossettor,positive,34 Transport Road,296-234-4958
329-84-1531,Debbi McGawn,negative,560 Victoria Way,929-344-1664
330-84-1831,Britt Mackstead,negative,13389 Debs Lane,556-548-2051
110-11-6514,Isak Pllu,positive,78 Westend Way,301-373-8788
162-34-7291,Angelle Brimman,positive,9 Fieldstone Drive,774-409-8825
199-88-7339,Katey Stud,negative,6613 Clarendon Place,732-603-7633
507-11-5354,Kaitlyn Gilling,positive,1 Norway Maple Terrace,628-989-8617
305-85-0302,Nikkie Press,positive,5413 Oakridge Street,657-992-1912
461-02-7807,Gracie Franke,positive,513 Bobwhite Street,351-871-7675
411-84-4218,Heath Morales,negative,77 Becker Drive,603-715-6387
718-57-1402,Bettina Choules,negative,74 Old Gate Center,935-990-4275
342-35-5742,Ruprecht Oventon,positive,2 Jay Park,738-308-8599
178-95-9881,Gaylord Axston,positive,970 Mcbride Hill,274-689-2822
616-14-2618,Sioux Alessandretti,positive,59 Pond Avenue,869-328-5670
811-29-9621,Terrill Esh,negative,39 Stoughton Pass,838-320-8365
838-68-3613,Nealy Jopson,positive,14 Dawn Terrace,942-475-4474
677-85-0722,Anastassia Foard,positive,59 Brentwood Street,782-413-4041
843-30-0962,Myca Dradey,positive,66513 Northland Trail,889-510-5352
752-06-7432,Ronnie Daviot,positive,502 Linden Park,418-304-0522
749-07-4794,Aron Farmer,positive,40498 Elmside Plaza,252-443-5858
358-45-9603,Elysia Scutter,positive,40626 Kim Avenue,385-955-3442
458-31-0961,Sula Pieters,positive,0 Ohio Point,973-876-2103
277-68-2713,Daisi Cowdery,positive,819 Loomis Hill,391-665-1697
468-38-1643,Trude Bonhome,positive,8 Straubel Point,811-815-0686
108-45-2566,Henri Maggs,positive,8542 Nelson Drive,283-495-7343
193-41-8997,Eduino Alloisi,negative,26 Fremont Court,753-326-1643
508-41-4091,Jordan Giacobo,positive,8326 Mesta Pass,101-192-9877
497-10-5363,Xena Aseef,negative,693 Erie Hill,537-943-4034
550-33-5993,Tracey Mosedall,positive,0 Mayer Pass,969-383-5369
285-49-5210,Elnora Kuhne,positive,4952 Bay Circle,273-287-6946
884-55-8999,Roderigo Duling,positive,705 Thompson Drive,587-952-4841
665-09-4988,Emelyne Ebbers,positive,23 Pond Drive,873-919-9131
219-10-5790,Graeme Hehir,positive,1 Buena Vista Crossing,549-888-1111
498-16-6067,Kessia Pirdue,positive,05 Di Loreto Way,396-489-0973
583-29-8034,Gilbertina Elvin,negative,60527 Warrior Place,651-873-9657
440-49-1988,Lauralee Seabon,negative,4216 Paget Junction,825-716-8098
753-30-1246,Jena Reynalds,positive,6 Almo Street,205-546-5713
884-57-2739,Karoly Marion,negative,95865 Manley Trail,133-491-2060
188-36-2369,Emmanuel Gansbuhler,negative,1865 Karstens Street,270-191-8515
319-78-7153,Britt Nesbeth,positive,0614 Farwell Lane,413-848-7276
480-85-9936,Guinevere Livard,negative,871 Hauk Court,406-175-0634
690-89-4716,Yuri Brenard,positive,376 Thierer Lane,831-567-4831
566-67-6324,Kory Backs,negative,1604 Manufacturers Trail,407-343-0811
497-83-7823,Olav O'Corrigane,positive,3224 Valley Edge Parkway,472-147-5932
785-50-1262,Ilysa Rivallant,positive,324 Duke Terrace,913-284-9403
559-71-4321,Hillie Piddocke,negative,30 Lakewood Hill,641-181-2370
471-84-9809,Thatch Thunder,negative,14 Shasta Avenue,343-287-7637
653-83-3759,Greer Sircomb,positive,0 Hauk Lane,688-632-1608
872-75-0826,Brett Gobbett,positive,9 Homewood Way,344-421-4880
323-08-9287,Emmerich Castard,negative,99 Delaware Center,269-329-8285
288-35-5789,Alwin Neighbour,positive,2 Gateway Center,430-900-4368
633-95-1437,Jerome Kettell,positive,5 Holmberg Parkway,112-250-4157
270-64-0313,Greer Pittle,positive,4 Mcbride Court,955-119-8149
482-38-7791,Seward Millier,negative,655 Northland Trail,113-247-5448
683-43-0165,Urson Bigmore,positive,67 Lien Park,443-771-6579
549-39-2470,Lucila Vela,negative,3261 5th Avenue,511-453-8282
136-07-6319,Maible M'Quharg,negative,45 Eagle Crest Way,166-926-0529
331-41-8369,Rosalyn Dowall,positive,3730 Arrowood Parkway,100-170-5807
266-83-0010,Blair Philson,negative,81 Surrey Circle,676-898-0359
302-27-9137,Sean Thirst,negative,0 Messerschmidt Hill,793-913-2862
575-63-1516,Alina Garza,negative,722 Hintze Park,313-444-6689
576-69-8008,Daisi Mulloch,positive,4 Dryden Hill,314-290-5112
170-98-2263,Paolina Duckering,positive,416 Mcguire Parkway,984-435-7590
126-83-4463,Omero Tavner,positive,0418 Stang Circle,122-473-3519
311-37-7873,Shelley MacRonald,negative,621 Derek Hill,401-131-6565
185-34-5310,Juliana Eyckelberg,positive,70 Hauk Plaza,625-386-4450
588-85-8792,Ruthy Sibyllina,positive,722 Waubesa Lane,551-522-9083
513-31-2059,Brinn Farlham,positive,9603 Debs Drive,137-613-1769
677-19-7420,Vassili Middlebrook,negative,7971 Cottonwood Plaza,717-116-3461
879-84-0265,Natka McGonagle,negative,1957 Larry Crossing,937-214-4360
347-07-1921,Andy Gaymer,positive,98 Bay Way,179-410-7655
730-53-8012,Marga De Antoni,positive,03746 Eastwood Circle,593-698-2445
627-47-4426,Aldridge Ferschke,negative,40 Pearson Avenue,110-584-7730
308-25-3136,Guglielmo Worsfold,positive,0 Pawling Pass,958-450-3881
344-75-3720,Courtnay MacDonald,negative,796 Rigney Road,574-892-5532
733-14-7641,Lindie Izakof,negative,60 Anthes Crossing,208-397-5952
766-26-9562,Boonie Quigley,negative,70 Paget Center,998-216-5881
298-74-4994,Fancy Myderscough,negative,67650 Graceland Way,371-813-5887
276-33-4938,Lorette Haresnape,negative,81 Summerview Center,520-437-1758
230-09-9868,Jasper Kettoe,negative,3252 Barby Parkway,222-612-0469
741-04-0328,Edyth Ranklin,positive,30 Susan Plaza,410-691-9480
868-46-8360,Helen-elizabeth Zorzin,positive,13508 Marquette Court,182-154-3995
306-89-1409,Gabbie Pulsford,positive,35 Morning Way,148-878-1452
493-02-1524,Cassie Charlick,positive,9 Loftsgordon Place,441-268-2586
624-29-9345,Drucy Bish,positive,53853 Roxbury Crossing,919-628-1651
482-81-3291,Baillie Caudle,positive,1256 Dryden Road,695-256-8743
174-67-8572,Pat Lourenco,negative,6369 Schmedeman Street,156-439-2900
446-99-8771,Helenelizabeth Franzolini,negative,42824 Oakridge Parkway,371-861-2706
777-51-3820,Collin Abdie,positive,61385 Anzinger Drive,338-732-5352
405-80-1749,Gearard Werendell,positive,46 Merry Parkway,866-643-8951
872-99-1969,Beau Hainge,positive,57689 Dayton Pass,231-278-4390
462-37-4217,Anna-diane Barber,positive,526 Hoffman Park,308-264-1075
462-41-3749,Rodolfo Bemlott,negative,807 Brickson Park Way,729-455-0453
192-94-6209,Peggi Vail,positive,461 Morrow Crossing,448-256-6750
483-55-6757,Lemuel Bloschke,negative,3 Cardinal Place,886-751-2075
354-71-9241,Alf Kamienski,positive,732 Erie Terrace,428-740-0358
717-50-1348,Jackelyn Francillo,positive,53 Nancy Street,649-151-0648
498-70-2255,Melly Richardet,negative,704 Forest Dale Crossing,779-827-8011
368-52-0722,Penni Jessett,negative,1888 Lotheville Parkway,700-538-9202
175-14-7892,Rorie Greenly,positive,2 Hallows Pass,414-733-7596
174-78-6208,Claudell Stollberg,positive,5 Fisk Pass,365-211-2051
804-45-3314,Polly Tarbin,negative,38 Mccormick Park,149-983-1755
756-21-3351,Pattie Neathway,negative,77 Dapin Junction,706-764-8094
702-96-4574,Bren Imms,positive,47 Bluejay Place,783-323-0878
763-63-7242,Cleveland Hubbucke,positive,3368 Shelley Park,312-605-9014
513-23-0796,Sherry Anthony,negative,35163 Mcguire Plaza,656-562-7930
277-27-2818,Riobard Mowatt,positive,1 Scoville Road,381-741-8884
573-40-7682,Cate Grzeskowski,negative,4 Union Avenue,954-547-7772
262-14-4262,Say Flecknell,positive,537 Bonner Hill,470-958-0749
268-52-4620,Larisa Holgan,negative,5407 Oxford Road,503-420-4771
165-01-7989,Dallon Newlands,negative,28 Melody Pass,189-610-1430
811-03-7506,Bertina Sharphouse,negative,787 Stoughton Court,236-288-1100
843-64-6054,Gerhardine Zanazzi,negative,0 Hermina Plaza,276-813-3437
188-41-2829,Odetta Marion,negative,15 Westend Terrace,902-875-3689
386-30-2326,Sybil Augustus,negative,20 Lawn Circle,385-233-6424
543-49-9075,Portie Getcliffe,positive,11370 Scofield Plaza,792-735-8719
540-10-8280,Sidonnie Werny,negative,40 Anhalt Point,113-779-4606
635-88-2186,Erie Aspinal,negative,43693 Del Sol Street,672-658-4905
605-19-2117,Rooney Wibrew,negative,97777 American Ash Lane,586-160-5511
564-92-0383,Francklin Matthewes,positive,2697 Vahlen Avenue,885-340-3143
477-48-8532,Boote Gallienne,positive,2 Rieder Alley,135-309-3503
630-26-4405,Ward Bonar,negative,5 Pine View Lane,854-321-1618
597-30-6237,Collie Caulkett,negative,20 Lakewood Gardens Terrace,527-263-7617
582-34-0140,Kathy Strange,positive,13535 5th Junction,281-529-3553
206-91-3926,Lamar Warret,negative,3 Becker Court,788-330-2374
405-69-7717,Gusella Bau,negative,7749 Pearson Place,149-101-9380
826-74-3994,Linell Birrell,,3958 Burrows Terrace,860-268-5811
383-47-3459,Dion Sarney,,9854 Dayton Drive,239-775-1296
534-75-1679,Lissy Bushen,,0687 Melvin Way,230-466-1172
544-86-6088,Haywood Brian,,926 Sheridan Lane,461-821-9219
627-15-5618,Rod Teesdale,,3636 Goodland Lane,194-373-9526
378-38-7721,Rosaleen Spridgeon,,3795 Raven Hill,453-171-9365
243-33-2207,Coriss Taft,,3 Pearson Court,195-877-9168
775-18-8628,Basile Batalle,,4169 Utah Crossing,719-730-8051
569-83-1325,Rozanne Barles,,12596 Warbler Drive,133-631-7699
743-30-8760,Pegeen Jelkes,,639 Sage Alley,394-580-3263
715-13-6177,Grover Dodridge,,279 Delladonna Circle,289-383-9117
891-96-9820,Beaufort Northgraves,,19806 Esker Hill,943-200-6711
135-31-3210,Arlette Gaudin,,14172 Colorado Court,937-168-3574
332-84-4699,Rance Patters,,873 Lerdahl Parkway,459-493-2358
231-11-1854,Ramsey Lilford,,179 Blue Bill Park Parkway,602-400-6759
856-78-1727,Bren Carah,,02 Buena Vista Street,444-521-3746
424-78-2525,Giffard Brandt,,14 Lakeland Trail,586-636-2528
688-99-7601,Korey Toomer,,45265 Graedel Park,614-848-7659
245-61-9644,Vinson Entwistle,,0 Pepper Wood Alley,414-905-5937
107-35-7458,Nero Ros,,581 Melvin Plaza,202-714-2121
836-11-2091,Gwenore Doyley,,8 Debs Point,858-891-1412
194-16-3279,Eugen Vasin,,0224 Hoepker Crossing,839-628-4467
336-25-9039,Georgette O'Gormley,,1 Del Sol Trail,210-361-6725
760-05-3164,Lind Fantone,,8489 Hintze Point,568-507-7642
877-60-8038,Shani Cristobal,,32106 Becker Place,816-427-0823
398-22-4550,Alix Marchetti,,77 Arapahoe Pass,432-486-4506
469-66-4346,Yanaton Lebang,,114 Dottie Parkway,962-897-5893
301-44-2755,Kylen Cater,,9 Fremont Alley,836-186-3144
612-02-3783,Irwinn McHardy,,92 Sachtjen Park,135-647-7541
841-68-0834,Guilbert Clemson,,3 Crowley Junction,339-724-2314
494-32-5353,Dniren Dayley,,3520 Becker Lane,571-594-1150
188-65-1349,Andria Rossin,,29 Prentice Place,476-476-5839
173-52-3101,Farand Prisley,,46 Rowland Drive,520-909-4847
249-50-2607,Dora Gush,,566 Hintze Center,150-672-6006
341-66-0188,Inness Downie,,111 Orin Street,255-476-5381
316-79-9916,Jerad Flexman,,125 Hovde Avenue,415-649-8779
791-53-3137,Maggy Vanyushin,,548 Di Loreto Circle,953-200-3621
355-69-1351,Mordy Vinter,,1 Memorial Circle,667-767-5834
297-50-9542,Dolph Lyffe,,959 Loftsgordon Plaza,986-121-5710
645-88-0794,Mendy Fossett,,38 Helena Terrace,375-247-5723
781-15-4149,Idell Cottingham,,098 Mallard Way,771-256-6286
563-53-9381,Dalton Goding,,2202 Onsgard Point,798-230-9311
500-87-0090,Wain Reeson,,418 Sutteridge Terrace,926-464-6079
178-08-3621,Elyssa Yorkston,,5 Coleman Lane,877-606-2162
842-97-3494,Fernande Jursch,,515 Logan Junction,981-899-7037
406-16-5487,Janine Huncoot,,6 Onsgard Junction,663-286-9934
868-28-4992,Andras Schubbert,,89673 Scofield Parkway,340-997-2364
201-43-2973,Beulah Chandlar,,013 Mccormick Road,166-912-8200
689-72-9249,Fidole Murt,,43 Northport Circle,682-376-7211
369-30-4506,Oran Kensall,,5413 2nd Alley,967-772-8055
255-24-5094,Fredrick Good,,26099 Rigney Parkway,860-218-1032
286-05-9819,Darline Gerhold,,831 Kedzie Street,240-790-3415
209-67-7487,Tobie Bushnell,,84 Lyons Park,483-784-4585
573-70-9499,Phelia Bocking,,2016 Clyde Gallagher Trail,583-780-7939
849-93-3593,Milton Ginnelly,,72061 East Alley,592-823-1226
632-92-1875,Rourke Kinleyside,,7413 Weeping Birch Crossing,850-308-3530
396-16-6224,Cristina De Blasio,,81805 Dexter Way,450-385-5167
577-90-4012,Darcee Dunleavy,,2 Kedzie Hill,835-176-2663
134-27-7909,Uri Ales0,,271 Mockingbird Terrace,488-594-6094
411-85-0012,Merry Alessandrini,,46 Milwaukee Avenue,110-730-1452
306-91-2420,Charo Fawlks,,4 School Crossing,841-614-9814
426-20-3209,Rebbecca Fellowes,,26 Kropf Way,673-434-8281
246-90-9690,Laurena Hodges,,232 Mallard Alley,569-857-5040
235-89-9460,Ambrose Ceaplen,,33 Shasta Trail,493-897-2831
757-28-7626,Carolus Opy,,36 Barnett Circle,285-352-1562
846-87-6547,Irving Stuke,,35837 Park Meadow Avenue,929-870-1309
582-80-5743,Elysia Haensel,,426 Mendota Avenue,895-382-7000
753-72-7141,Jan Count,,06832 Stuart Junction,804-206-3007
185-94-8981,Blakelee Raiker,,3 Mcbride Crossing,571-705-8476
220-50-9478,Alvina Pittendreigh,,73 Del Sol Drive,914-195-4281
884-67-8935,Jilly Saffer,,002 North Point,339-638-8994
616-47-7883,Eric Dickons,,07278 Havey Trail,119-350-9736
311-69-4285,Marcello Blackey,,802 Grasskamp Hill,930-379-4106
416-45-4821,Briano Kisbey,,7555 Golf View Way,804-919-8122
804-50-1049,Portia Kiljan,,649 Fallview Parkway,854-588-1301
855-18-4980,Prescott Castledine,,30677 Miller Place,292-780-9422
577-47-1862,Shaina Copin,,1 Aberg Avenue,919-250-3756
669-06-8482,Zacharias Jobson,,05 Lukken Junction,593-201-6319
489-52-7834,Carrol Gluyas,,2 Straubel Circle,234-310-1918
263-30-1069,Rosette Crone,,329 Hoard Pass,813-503-2743
351-30-3155,Leann Fitzroy,,291 Eggendart Junction,392-680-3293
174-30-8424,Cecilia Dalinder,,3 Anniversary Drive,938-245-8755
179-14-5137,Borden Halahan,,7 Holmberg Junction,536-364-2185
386-53-7055,Jakie Parkin,,0064 Thompson Pass,514-543-6497
770-68-9180,Elonore Gillies,,3 Huxley Point,781-157-9636
531-64-4112,Angus Capron,,77 Boyd Park,587-792-2489
427-42-9895,Sammie Lago,,0 Butternut Park,216-776-5315
204-85-2819,Celia Viggers,,6 Johnson Terrace,337-684-3634
288-94-6355,Nessa Symper,,31938 Everett Junction,485-447-8246
207-42-7140,Lavena Pexton,,107 Bonner Circle,129-860-4011
470-28-6295,Jeth Tuhy,,82822 Tennyson Point,742-816-2722
450-05-7272,Datha Bendik,,552 High Crossing Road,489-734-5043
822-06-7943,Janel Atyeo,,60 Donald Way,304-693-5164
681-96-9131,Joyann Wonfar,,964 Graceland Avenue,202-433-8805
737-28-9057,Gallard Dowker,,48225 Leroy Circle,506-876-0488
553-87-4601,Anny Gaskell,,19505 Graceland Drive,406-565-0634
758-70-9343,Kamillah Dirand,,7 Straubel Drive,694-191-9152
110-95-9685,Aura Willcox,,14634 Brown Avenue,539-642-5473
844-95-7471,Bartie MacGown,,4132 High Crossing Circle,801-911-5244
258-39-1201,Daniel Anthes,,98 Beilfuss Parkway,504-348-8707
749-45-5279,Monique Egle,,5 Pennsylvania Lane,433-997-1002
284-89-7668,Dun Fulcher,,68 Corben Circle,204-361-1682
202-56-5096,Courtnay Fairbrass,,883 Westerfield Alley,840-172-7101
531-93-8802,Cornelle Shellshear,,5 Fremont Avenue,614-313-7849
579-79-8402,Willa Goldson,,6 Mcbride Hill,970-337-9399
351-33-0998,Maggi Andrzej,,4 Monterey Way,952-258-7240
745-43-8193,Lawton Aicheson,,5 Grayhawk Place,955-548-0314
406-54-4350,Celestina Canario,,9 Morning Park,197-989-3946
711-04-2343,Ardelle Bowker,,154 Dovetail Pass,864-477-2479
833-91-1999,Ase Thonason,,3539 Valley Edge Park,114-165-1536
748-06-0917,Byrle Pocklington,,63 Stoughton Street,953-430-0351
609-68-2318,Worthy Thew,,2051 Acker Parkway,414-120-9807
399-73-5089,Dixie Flade,,0976 Twin Pines Hill,887-576-7694
588-24-8989,Tracy Sant,,55409 Alpine Plaza,420-802-0736
678-55-3590,Shena Paynton,,50724 Crownhardt Point,855-439-8568
429-22-2217,Dacy Maypother,,8 Kennedy Parkway,301-407-5097
810-48-8710,Jule Arrault,,1 Service Junction,451-900-1398
776-81-9053,Nevin Shutt,,82 Cardinal Drive,360-521-2016
232-61-6632,Etienne Plaskett,,063 Troy Parkway,207-162-3226
899-30-1664,Nikola Ewin,,83 Oriole Crossing,940-544-5271
745-10-2422,Archambault Husband,,20352 Division Circle,740-373-6715
446-03-6696,Hobey Holhouse,,28 Hanson Terrace,992-970-2347
759-37-1352,Jaimie Farnie,,7528 Shoshone Park,273-343-6123
246-66-9321,Morena Macquire,,04 South Terrace,401-825-6961
595-66-7310,Web Hebbard,,0982 Schurz Street,668-159-3857
800-04-3306,Corey Dommett,,41 Iowa Alley,785-738-3816
497-78-1307,Tallie Heditch,,5 Walton Way,426-609-4806
112-21-4059,Hendrika Cogan,,47417 Melvin Point,213-618-0540
448-15-7200,Greg Noods,,6 Summer Ridge Parkway,912-302-6719
816-40-5759,Rand Weavill,,2 Hintze Road,309-683-9601
352-33-9969,Katy Bowkett,,45282 Ronald Regan Parkway,666-996-1331
273-98-4499,Ezequiel Joburn,,4923 Briar Crest Alley,293-958-2712
688-76-5012,Sarina Northeast,,0451 Hollow Ridge Terrace,847-159-6044
460-69-3409,Sapphire Furphy,,31 Vernon Street,762-439-7267
437-98-9387,Tirrell Pagden,,5 Hayes Road,909-326-2251
371-20-4171,Grete Gother,,89235 4th Hill,640-736-9068
402-79-7973,Irwinn Keirle,,8 Meadow Valley Pass,983-738-4836
798-87-2762,Jillian Manning,,9732 Amoth Drive,467-622-5611
145-75-0279,Justinn Charpin,,76287 Northridge Pass,868-840-1548
480-71-1278,Lorrayne Blackaby,,8 Bartillon Lane,249-525-0441
176-11-3531,Chery Benson,,5643 Atwood Street,651-218-3705
543-99-8290,Nico Kubalek,,1 Michigan Way,428-585-4653
538-33-5308,Pansy Dranfield,,8 Nevada Hill,898-705-8710
722-52-4126,Kayne Shotton,,47 Hooker Lane,141-111-7632
629-96-2205,Trenton Sanderson,,9842 American Ash Parkway,444-221-3471
488-42-4367,Morlee Grint,,6 Monica Alley,207-664-8645
581-43-8909,Port Dionisetto,,84 Larry Parkway,344-202-8857
691-06-9776,Kendal MacGee,,01675 Maryland Court,890-624-3725
462-04-0241,Hillard Challice,,382 Sugar Plaza,843-407-6696
704-70-4400,Riki Britney,,32545 Merrick Point,922-201-6718
657-70-4279,Ruben Liddiatt,,5 Butternut Trail,314-584-2785
271-84-4988,Morten Gaughan,,39645 Washington Trail,921-397-7454
723-12-0905,Christy Gianasi,,279 Pierstorff Pass,211-823-2834
288-50-6583,Sol Willmett,,84 Stone Corner Plaza,541-650-0892
597-35-4802,Drona Shuttell,,633 Anthes Hill,301-240-2375
584-75-6677,Otis Cuesta,,6 Merchant Pass,231-350-2202
128-14-1724,Morgen Pordal,,023 Sommers Avenue,631-482-2484
774-13-4471,Arluene Canet,,470 Mcguire Trail,240-574-6347
132-14-7905,Renee Cantwell,,830 Roth Crossing,197-307-9916
102-37-9242,Alistair Winley,,59289 Claremont Avenue,887-143-0586
623-71-3973,Louisa Okenfold,,129 Forest Place,562-986-7531
306-25-0216,Christan Emmot,,58 Fairfield Drive,107-700-2475
454-40-6328,Isahella Meritt,,62428 John Wall Place,402-844-5570
761-55-9149,Northrup Chater,,09 Beilfuss Street,734-250-4630
754-56-7805,Claudianus Scrogges,,7 Schurz Plaza,694-840-7991
628-29-5480,Neron Healeas,,50 Beilfuss Circle,680-169-0160
281-72-0763,Arden Zuanazzi,,22103 Randy Crossing,552-290-4661
738-06-0060,Cathi Sylvester,,1 Hazelcrest Road,202-509-3107
615-84-5767,Terra Ferries,,32 Milwaukee Crossing,557-164-2747
760-64-1629,Luciano Goford,,2857 Lotheville Drive,252-724-0048
676-14-5728,Tybie Crippes,,855 Portage Alley,240-984-3151
495-86-8431,Clem Coad,,2259 Hermina Center,393-622-4670
454-38-0119,Beau Schoales,,8764 Sauthoff Parkway,364-733-7578
582-33-6088,Mordecai Driver,,107 Laurel Place,712-813-2149
371-71-7712,Bail Cumesky,,42 Kensington Pass,279-903-9605
739-07-2877,Moses M'Chirrie,,26 Scoville Lane,319-107-9668
344-61-7528,Abigael Tumielli,,78 8th Plaza,320-570-2634
533-87-5460,Stu Fullegar,,523 Old Gate Avenue,579-526-5670
686-98-4767,Maurene Bleue,,0317 Cherokee Terrace,572-325-1924
512-96-6705,Pooh Lightfoot,,3601 Clyde Gallagher Plaza,263-357-1936
108-85-8966,Ade Flukes,,7217 Glendale Pass,801-702-9366
393-11-2471,Melitta Troni,,073 New Castle Circle,100-367-8371
200-67-8264,Avrom Gossage,,12 Brickson Park Alley,213-286-7723
483-69-9575,Raymund Trollope,,25044 Fairfield Center,794-525-4776
323-28-6391,Wendye Duchatel,,312 Anzinger Crossing,995-611-5184
580-89-7487,Alvis Burth,,1337 Manitowish Plaza,630-718-8911
519-50-9879,Jared Fotherby,,32106 Dawn Way,428-274-0431
323-28-7411,Caryl Tompkin,,19 Monterey Trail,845-654-5924
521-29-2713,Brooks Paulou,,3 Gulseth Road,409-359-0359
111-85-6312,Shell Garie,,2917 Moulton Junction,632-290-2568
784-83-6646,Missie Mears,,4 Kensington Alley,607-265-9630
328-99-9223,Demeter Redmore,,1223 Randy Point,279-811-4986
275-07-1103,Daria Bossons,,65 Bluestem Junction,810-227-4407
247-14-8315,Adolphus Kennally,,3 Grover Pass,321-165-1143
351-67-9865,Jania Woliter,,03238 Lakewood Gardens Alley,789-761-8945
544-90-7912,Arly Andrys,,72829 Delaware Hill,125-268-0467
527-72-7611,Muire Flanne,,72383 Marquette Center,947-613-1970
209-09-4691,Tanny Dalliston,,2 Dapin Hill,909-101-1941
691-50-2703,Neile Pasek,,9757 Hintze Plaza,371-905-6315
307-99-5330,Diarmid Rigard,,47 Sullivan Hill,784-642-9853
414-24-7488,Quillan Killik,,32588 Packers Drive,433-199-6858
319-16-7305,Flo Crellin,,5 Cardinal Court,404-165-2915
345-56-7117,Rakel Sagg,,9102 Buena Vista Court,348-624-5934
526-93-8433,Tripp Hoogendorp,,66 1st Park,533-289-3879
426-02-2050,Town Hamilton,,79 Independence Parkway,542-705-9712
339-13-2850,Waylan Harcarse,,5200 Kropf Point,285-286-4603
281-23-9030,Nealon Selbie,,92932 Anniversary Crossing,551-985-7305
621-18-2183,Jolie Loosley,,56 Victoria Parkway,641-911-0948
394-86-4303,Markus Eiler,,4 Hansons Park,970-855-4324
383-16-2472,Bonita Whorf,,07830 Anzinger Alley,414-893-5363
128-05-4776,Charles Jirick,,0573 Hanson Way,315-137-7393
212-42-0125,Mathian Reedie,,923 Sachs Hill,460-452-6678
232-14-8260,Kris Batman,,9 Declaration Center,574-444-5604
770-68-9641,Nicholle Yendle,,34 Derek Place,580-261-6132
172-73-5334,Rolland Simony,,8164 Michigan Parkway,720-189-4832
649-06-8559,Leroi Elflain,,04 Blaine Trail,833-430-9730
720-41-8792,Miguelita Jopling,,4084 Valley Edge Street,199-692-9574
751-74-1728,Adamo Bresner,,23 Florence Park,312-692-7766
768-95-8192,Kippy Lowther,,425 Golden Leaf Place,208-998-8998
890-10-6335,Bartlett Kigelman,,627 Grover Circle,314-541-6159
161-28-0329,Octavia Burtt,,7 Dunning Place,905-927-1919
280-74-5549,Hy Moreton,,0816 Eggendart Terrace,343-930-4688
298-99-1127,Marillin De-Ville,,2972 Nelson Way,243-689-1052
734-76-8140,Mariska Meedendorpe,,290 Pawling Way,221-145-9252
815-55-4216,Winonah McAirt,,9472 Moose Junction,531-424-0463
625-91-1858,Dorian Wycliffe,,911 Hovde Avenue,265-936-1692
372-80-5831,Casi Towell,,0 Hallows Way,749-465-2971
839-73-9208,Carolyn Zupone,,0 Trailsway Street,609-536-5100
757-32-5923,Emmey Lordon,,02128 Loeprich Court,471-564-7521
407-44-0075,Bryon Zupo,,1521 Stone Corner Court,614-387-4988
715-71-7292,Bambi Criple,,7 Trailsway Junction,183-587-9116
145-52-6305,Olivia Walne,,05960 Pawling Center,756-301-8467
332-89-5565,Miran Duker,,790 Spaight Drive,316-164-3314
149-91-3219,Layla Woodcroft,,19015 Eggendart Park,968-283-1378
280-86-5218,Harlie Dunderdale,,70359 Crowley Court,203-406-3954
818-37-9543,Robinson Fennick,,8 Graceland Point,702-417-0724
676-82-2365,Rosabelle De Francisci,,8 Lakeland Trail,597-832-8952
150-39-6472,Colman Adolphine,,89165 International Center,390-621-5093
752-45-0034,Dorolice Emeline,,2628 Menomonie Pass,528-518-5450
585-34-8830,Barnebas Briffett,,8 Sycamore Park,435-424-2013
473-38-3723,Elka Prop,,28122 Melrose Road,312-954-8021
546-39-1481,Myrvyn Firpi,,026 Debra Court,439-656-2400
113-31-3405,Junette Antonomolii,,83290 Summerview Center,284-568-0113
832-39-1218,Findley Prettjohn,,011 Ridgeview Way,945-979-0250
712-59-0596,Eli Wenn,,61 Village Green Trail,927-204-0973
877-86-8040,Scotty Gooderridge,,5942 Londonderry Avenue,424-167-4719
538-49-9737,Ashli Lidden,,522 Fair Oaks Road,462-297-6906
119-92-7673,Hugues Sabbins,,7057 Almo Place,837-550-7347
829-02-0493,Shandra Algeo,,5899 Morning Center,719-908-0977
545-18-5761,Alica Domenichini,,9492 Delladonna Circle,380-993-8433
114-44-0507,Stacey Smittoune,,68 Lukken Park,202-536-8857
800-82-5451,Bride Guyer,,3202 Novick Point,556-237-1693
844-51-2614,Joly Lindenbaum,,576 Homewood Parkway,849-842-3589
608-06-0995,Waite Ambler,,7 Clarendon Alley,267-498-6089
416-84-4075,Moina Rolling,,6213 Division Way,120-157-5941
217-51-4425,Bron Jannex,,93 Pearson Road,295-124-7741
357-31-4190,Vincenty Gillott,,3477 Havey Crossing,345-294-7058
125-12-0653,Abran Loffhead,,592 Prairie Rose Point,609-738-4760
570-31-3227,Gaylene Caberas,,6 John Wall Crossing,308-278-9976
136-34-7533,Danna Poyner,,86 Comanche Place,475-330-9347
451-34-9971,Drusilla Pourveer,,3739 Anzinger Terrace,898-481-3243
754-50-8444,Natividad Pimmocke,,86564 Westend Terrace,290-308-9126
423-90-5414,Nat Matuszkiewicz,,39247 Florence Plaza,115-149-5489
199-70-5471,Tan Revington,,438 Hagan Way,392-928-0181
557-75-6916,Janella Merrin,,068 Kenwood Park,364-614-7556
137-26-3062,Thorn Rylatt,,66004 Petterle Point,877-614-3999
736-26-2030,Chanda Goshawke,,6 Colorado Hill,120-795-4475
467-09-3294,Rhys Posselwhite,,9 Norway Maple Pass,514-529-9210
609-99-3465,Seward Gipp,,5 Melvin Terrace,150-386-9160
497-21-3128,Ambrosi Orkney,,008 Fairview Alley,624-994-3225
497-36-1226,Claudine Rowntree,,7933 Westend Point,881-238-0415
617-40-9317,Arluene Schankelborg,,7998 David Court,588-122-1709
549-01-5574,Joseito Beden,,7604 Bashford Plaza,295-900-6584
118-65-5165,Karissa Trevan,,2278 Bowman Road,327-374-5485
622-45-4168,Marven Lyte,,7 Maryland Plaza,680-108-3504
628-83-6804,Chuck Jurn,,620 Hudson Drive,956-544-2459
729-71-9048,Orton Loughead,,90658 Sutteridge Park,357-670-8412
632-57-8716,Herbie Collison,,6977 Prairieview Trail,206-406-2954
321-86-5388,Denni Mathiasen,,9672 Hagan Alley,287-268-3328
826-79-3219,Rebekah Yockley,,57350 Alpine Point,651-329-1476
850-93-5278,Glynn Grinyov,,971 Vahlen Pass,503-620-1086
147-26-7467,Delly Spall,,51 Rutledge Parkway,811-487-4586
471-45-1146,Romy Plackstone,,55562 Union Terrace,222-464-0061
158-52-8245,Aube Sterrie,,4 Lien Parkway,180-134-4637
576-02-9582,Llywellyn Dunsire,,3 Grasskamp Alley,547-190-1101
130-16-0739,Kaila Steptow,,7 Summit Court,306-406-0595
575-92-8461,Jo Temprell,,319 Lake View Trail,499-184-6808
120-25-3281,Jeanette Myton,,902 Jana Point,500-907-2838
223-98-3216,Myrna Hitter,,6 Mayfield Pass,682-745-6793
465-35-1033,Catharine Banbrook,,4 Stuart Crossing,339-638-2545
766-75-2201,Demott Harden,,80728 Sage Point,281-211-0201
322-05-1737,Donaugh Simkin,,8265 Morningstar Hill,923-671-1847
297-37-9102,Doti Biddiss,,00317 Lunder Junction,456-762-7785
232-53-8353,Claudine Schiell,,7 Mitchell Trail,230-630-4996
823-42-8122,Valentine Grimley,,12255 Killdeer Avenue,516-197-0117
521-58-3341,Gerta Laugherane,,1145 Hauk Park,345-857-0024
507-86-7135,Mallory Clandillon,,1515 Loomis Point,723-582-6882
256-08-9207,Marcy Musker,,7 Bay Hill,462-673-4781
212-65-7468,Jayson Elphinston,,7 Logan Circle,894-201-9816
705-89-2646,Tymothy Bengle,,0 Dawn Hill,890-312-2158
339-16-3895,Lura Bonifazio,,6 Sutteridge Place,543-958-5856
444-80-4532,Pandora O Sullivan,,57 Brickson Park Pass,646-472-4142
776-66-7042,Zorine Densey,,93193 Blaine Hill,175-816-4269
296-99-8455,Ariella Jelphs,,2362 Graedel Court,473-392-4737
213-55-1990,Tate Innott,,3130 Eliot Lane,741-721-7872
324-74-9450,Duffy Ennew,,90 Pawling Court,572-907-0582
314-07-1161,Alva Vasilyevski,,92 Debra Avenue,478-140-6260
513-65-6653,Wrennie Stanluck,,08 Troy Street,502-326-2982
791-91-7003,Demetris Buney,,6 Annamark Hill,521-352-4214
494-37-6520,Gennifer Bedwell,,1179 Ronald Regan Terrace,827-824-3714
307-08-1583,Samuel Beynon,,455 Huxley Circle,422-524-6492
442-37-9818,Hodge Polle,,60 Welch Center,808-686-4202
550-52-7212,Mendel Filochov,,0 Melvin Hill,876-326-0404
723-03-3205,Kenon Wackett,,453 Esch Court,769-559-3392
192-86-7149,Lazaro Brezlaw,,04 Delaware Pass,373-889-5764
243-11-1164,Dru Abthorpe,,53 Fairview Center,395-655-4336
374-94-8493,Carter Kobpal,,7 Dottie Road,437-339-4423
447-87-2238,Si Paroni,,54732 Amoth Plaza,868-984-7283
300-08-6676,Cathi Winter,,830 Briar Crest Point,870-194-5947
361-58-1523,Leola Muggach,,823 Hagan Junction,128-242-6058
659-20-9780,Fernando Macvain,,43 Helena Circle,424-540-2877
123-32-3789,Frederico Heindl,,673 Loftsgordon Parkway,579-584-2634
593-69-7039,Loreen Beggini,,26074 Mcbride Court,570-713-9951
415-70-0083,Rriocard Innman,,8 Waywood Place,321-126-6768
802-53-7486,Aubrette Orys,,953 Donald Way,331-127-6359
597-59-3795,Birdie de Nore,,8415 Crowley Drive,544-847-3968
683-24-6985,Peggi McClintock,,20 Johnson Terrace,730-444-7315
709-84-0964,Theo Courteney,,294 Susan Plaza,632-726-2273
448-22-2068,Lyn Genike,,5837 Texas Drive,941-922-9269
382-07-1152,Rosaline Gooday,,82607 Old Shore Park,858-595-5530
599-82-6105,Alecia Petegree,,69132 Nevada Court,485-815-3693
297-68-1026,Ward Mitchener,,4298 Eagle Crest Junction,607-220-7737
657-29-0406,Moss Spirit,,37 Rieder Road,615-617-5887
783-71-7910,Rosabelle Blueman,,3477 Glendale Center,831-587-7602
338-95-3889,Rodolphe Burris,,7 Delladonna Way,576-196-2539
729-72-2297,Ella Haythornthwaite,,13275 Warner Avenue,354-811-2397
819-29-1251,Jaye Dunsford,,99047 Ryan Park,231-877-3081
335-44-4764,Martha Lownes,,13094 Dahle Trail,141-180-1922
680-24-8095,Lynda Glazer,,3 Trailsway Circle,323-225-4586
526-57-4269,Chelsey Raynes,,2 Stephen Crossing,208-905-2994
131-88-0919,Lewie Wordesworth,,44 Transport Park,214-644-6275
163-93-1046,Timmi Wrankling,,788 Buell Street,368-492-1864
148-09-5382,Alfredo Caulcott,,3 Haas Road,858-630-9181
660-64-1585,Bibby McClaurie,,9414 Ohio Junction,150-587-4996
461-53-2979,Zorina Shout,,3720 Randy Pass,387-759-3253
538-94-3832,Kippie Janodet,,9691 Hintze Junction,545-293-8351
665-84-8481,Hamish Loeber,,96 Stephen Pass,898-627-2968
504-05-9446,Cayla Angear,,47 Reindahl Place,763-699-1722
500-11-6585,Aldon Jammes,,90128 Bultman Hill,504-502-7643
143-44-9497,Ulberto Kupisz,,4723 Utah Parkway,798-394-4864
770-02-8107,Harcourt Blasetti,,046 Vermont Pass,632-468-6579
432-50-4369,Maxi Perrottet,,67 Debs Plaza,903-387-5393
745-40-6052,Bernita Cucuzza,,35777 Superior Alley,855-770-8645
653-31-5976,Lindie Paulton,,5750 Bayside Center,119-584-4548
105-26-0727,Steffen Kerwin,,92 Ryan Parkway,147-381-5953
433-88-0101,Colin Aldie,,097 Kenwood Park,209-868-0399