empId,teamId,empName,address,phone
SS1,1,Jacqueline Speed,1568 Macpherson Park,790-730-1545
SS2,2,Timothy Daintry,295 Hansons Point,219-188-2631
SS3,3,Lauree Froud,313 Graceland Road,944-453-8247
SS4,4,Bennie Pavinese,08 Dawn Alley,498-651-7563
SS5,5,Yorke Fairbrother,32756 Vermont Road,633-463-2351
SS6,6,Barbi Broadfield,9049 Miller Terrace,682-400-8588
SS7,7,Emmet Coulson,718 Knutson Avenue,412-393-4378
SS8,8,Lindsay Jovicic,31 Nelson Avenue,157-450-3925
SS9,9,Mikel Alphege,63 Hazelcrest Circle,921-386-8419
SS10,10,Sonja Vizard,7 Del Sol Road,325-164-5413
SS11,1,Heath Ewbach,5 Sutteridge Point,812-637-7540
SS12,2,Leigh Rosel,575 Killdeer Circle,692-250-9583
SS13,3,Robbie Kinney,7432 Roxbury Crossing,137-964-0618
SS14,4,Viki Ander,49638 Sommers Trail,869-824-7591
SS15,5,Jenna Pinck,373 Carey Court,870-452-3846
SS16,6,Kimmy Rickardes,38 David Junction,104-101-6735
SS17,7,Madelena Collishaw,11 Maple Crossing,513-763-4677
SS18,8,Gordie Gallichan,444 Springs Center,963-776-9500
SS19,9,Lonnie Tedstone,55765 Westerfield Trail,655-375-4173
SS20,10,Selma Lording,8985 Bobwhite Drive,548-424-3061
SS21,1,Davon Hilling,78 Shopko Avenue,394-226-2765
SS22,2,Rosemonde MacNeill,39033 Knutson Crossing,269-872-2288
SS23,3,Gavra Crilly,2 Esker Court,161-794-2668
SS24,4,Chaddy Telega,913 Pierstorff Junction,143-272-0703
SS25,5,Isahella Winchcombe,7800 Shopko Circle,991-469-2539
SS26,6,Lucia Casaro,66 Canary Point,968-603-6381
SS27,7,Kirstin Cuskery,3568 Carpenter Place,232-123-1857
SS28,8,Ernest Garron,02909 Morningstar Way,638-526-7384
SS29,9,Kaitlyn Bartali,7 Waxwing Street,757-666-1217
SS30,10,Welsh O'Beirne,55 Magdeline Trail,516-580-5381
SS31,1,Clemmie Albon,77 Portage Pass,330-464-6627
SS32,2,Sonja Jaggar,08989 Elka Street,971-141-6215
SS33,3,Lenci Bugbee,86 Melody Street,148-311-3424
SS34,4,Paquito Charnick,90 Marcy Alley,660-112-8945
SS35,5,Wadsworth Hutsby,826 Kensington Alley,493-513-5776
SS36,6,Mellie Reck,516 Nobel Lane,325-357-7034
SS37,7,Miguel Kenwyn,46069 Bonner Alley,835-704-2704
SS38,8,Desirae Cashmore,52 Dahle Trail,911-315-6107
SS39,9,Vita Arnowitz,2 Mcbride Plaza,801-945-8849
SS40,10,Mable Blues,4 Twin Pines Pass,969-203-4777
SS41,1,Ashly Newrick,075 Browning Alley,615-454-1068
SS42,2,Nathaniel Dri,97 Almo Plaza,197-898-9054
SS43,3,Thane Karmel,317 Northfield Avenue,974-301-4386
SS44,4,Karmen Bernadzki,2 Kingsford Street,564-925-1735
SS45,5,Carmencita Hagger,59 Scott Way,695-451-3916
SS46,6,Dorothy Egglestone,0408 Eagle Crest Trail,280-655-8400
SS47,7,Wilie Hurry,099 Sycamore Crossing,288-568-1449
SS48,8,Leyla Van Der Weedenburg,97676 Ridgeway Road,437-460-6464
SS49,9,Oneida Chesterfield,17959 8th Pass,392-636-8712
SS50,10,Vivyanne Messier,35 Spenser Crossing,417-677-9135
SS51,1,Eal Corrett,72 Express Street,224-845-6325
SS52,2,Brok Jentet,47 Montana Hill,539-963-5772
SS53,3,Jilly Gittis,029 Kipling Pass,424-488-7337
SS54,4,Leola Bye,2461 Logan Alley,856-370-6806
SS55,5,Tera McGawn,63 Marquette Way,554-399-6722
SS56,6,Korney De Gregoli,08016 Pennsylvania Junction,429-697-8294
SS57,7,Linoel Goodger,3864 Prairie Rose Avenue,804-522-5812
SS58,8,Debi Brant,41 Shasta Road,378-105-1686
SS59,9,Letizia Hazzard,139 Scoville Hill,774-427-6442
SS60,10,Crystie Hartegan,0 Jenna Way,406-900-6650
SS61,1,Thibaut Carillo,7532 Scoville Park,284-835-0753
SS62,2,Ekaterina Dominy,00807 Barby Parkway,763-410-5691
SS63,3,Gerrie Sawle,1579 Rowland Way,741-123-9760
SS64,4,Red Gwalter,0 Towne Road,230-861-5472
SS65,5,Trudy Dikle,4630 American Park,842-703-6521
SS66,6,Daryl Preist,07 Mcguire Road,358-712-9016
SS67,7,Andriette Keith,08656 Eagle Crest Point,990-319-5156
SS68,8,Ilaire Boich,4135 Russell Street,452-243-0154
SS69,9,Grata Quittonden,926 Buell Trail,200-852-7670
SS70,10,Durward Northbridge,37085 Erie Crossing,786-982-6277
SS71,1,Tiena Ungerer,24910 Old Gate Court,970-588-9530
SS72,2,Kelley Stibbs,27 Commercial Junction,335-501-4296
SS73,3,Andrej Burndred,7 Corben Plaza,333-392-9378
SS74,4,Kali Kilmaster,3 Bluestem Street,795-366-4334
SS75,5,Wanda Gueinn,975 Thackeray Road,935-448-8978
SS76,6,Sonnie Nequest,0367 Morning Place,259-541-1886
SS77,7,Bryna Piddletown,7228 John Wall Junction,445-923-0551
SS78,8,Erick Cuskery,0314 Russell Place,795-997-0602
SS79,9,Salmon Gerber,37480 Carpenter Place,932-628-7890
SS80,10,Sherwin Wimbush,321 Carberry Avenue,926-503-4390
SS81,1,Godfree Vannar,9 Commercial Drive,937-279-8337
SS82,2,Rahal Horsey,0 Aberg Road,967-919-8179
SS83,3,Hendrika Rapley,7279 Lakewood Parkway,436-891-8371
SS84,4,Enriqueta Schuricht,26 Hintze Way,808-301-8957
SS85,5,Killian Illwell,999 Kipling Plaza,904-315-9467
SS86,6,Kip Howsan,7 Summer Ridge Crossing,332-571-2137
SS87,7,Hurlee Onraet,92 Coleman Terrace,918-744-9656
SS88,8,Teddie Gillman,8 David Park,226-895-3430
SS89,9,Wilhelm Cossins,2 Welch Way,317-972-4276
SS90,10,Hewet Whiteland,59014 Pierstorff Alley,234-857-4538
SS91,1,Ware Decourt,9 Derek Court,702-612-7550
SS92,2,Ade McIlreavy,7922 Mcguire Junction,303-524-6008
SS93,3,Feliza Dunphie,83 Brown Street,863-834-8130
SS94,4,Katey Fingleton,470 Dixon Hill,880-402-8328
SS95,5,Harriett Grandham,3411 Eastlawn Lane,971-294-0322
SS96,6,Erin Tudge,2927 Rusk Circle,799-512-8168
SS97,7,Paige Shimony,3 Commercial Pass,666-781-1512
SS98,8,Henrie Attwool,4164 Hanover Park,767-373-3811
SS99,9,Barrett Boissieux,8 Northport Pass,883-373-3855
SS100,10,Fernande Poppleton,0 Maryland Pass,378-353-0851