storeName,ownerName,contact,email,openTime,closeTime,generalGuidelines
Meetz,Otto Dimitriou,26-8374760,odimitriou0@usnews.com,1:17 AM,5:30 PM,https://docs.google.com/document/d/1Yznz1CoNrhD8dz8zeNMS6VVQcQHXWCeVDHxiWBvfDGQ/edit?usp=sharing
Tambee,Avrit Masser,83-0173610,amasser1@cpanel.net,3:35 AM,8:42 PM,https://docs.google.com/document/d/1Yznz1CoNrhD8dz8zeNMS6VVQcQHXWCeVDHxiWBvfDGQ/edit?usp=sharing
Twinte,Rosabelle Kuhnwald,42-9196780,rkuhnwald2@ed.gov,6:55 AM,9:20 PM,https://docs.google.com/document/d/1Yznz1CoNrhD8dz8zeNMS6VVQcQHXWCeVDHxiWBvfDGQ/edit?usp=sharing
Riffpath,Teena Berens,34-7986734,,4:52 AM,4:44 PM,https://docs.google.com/document/d/1Yznz1CoNrhD8dz8zeNMS6VVQcQHXWCeVDHxiWBvfDGQ/edit?usp=sharing
Brainlounge,Sampson Philliskirk,48-4175371,sphilliskirk4@guardian.co.uk,3:33 AM,11:19 PM,https://docs.google.com/document/d/1Yznz1CoNrhD8dz8zeNMS6VVQcQHXWCeVDHxiWBvfDGQ/edit?usp=sharing
Voolith,Porty Empleton,12-1994842,pempleton5@slashdot.org,6:09 AM,3:51 PM,https://docs.google.com/document/d/1Yznz1CoNrhD8dz8zeNMS6VVQcQHXWCeVDHxiWBvfDGQ/edit?usp=sharing
Oyoloo,Brandie Searsby,73-3251170,bsearsby6@t-online.de,4:21 AM,9:50 PM,https://docs.google.com/document/d/1Yznz1CoNrhD8dz8zeNMS6VVQcQHXWCeVDHxiWBvfDGQ/edit?usp=sharing
Mydeo,Jessika Orrow,28-6601526,jorrow7@shareasale.com,10:19 AM,10:53 PM,https://docs.google.com/document/d/1Yznz1CoNrhD8dz8zeNMS6VVQcQHXWCeVDHxiWBvfDGQ/edit?usp=sharing
Quamba,Rheba Triner,77-3799919,rtriner8@businesswire.com,4:56 AM,2:46 PM,https://docs.google.com/document/d/1Yznz1CoNrhD8dz8zeNMS6VVQcQHXWCeVDHxiWBvfDGQ/edit?usp=sharing
Vidoo,Abel Forde,64-6304855,,2:50 AM,11:30 PM,https://docs.google.com/document/d/1Yznz1CoNrhD8dz8zeNMS6VVQcQHXWCeVDHxiWBvfDGQ/edit?usp=sharing
Janyx,Aloysius McAusland,36-3967921,amcauslanda@wikimedia.org,2:46 AM,3:05 PM,https://docs.google.com/document/d/1Yznz1CoNrhD8dz8zeNMS6VVQcQHXWCeVDHxiWBvfDGQ/edit?usp=sharing
Vinder,Hy Symondson,17-7726381,hsymondsonb@amazonaws.com,3:14 AM,9:10 PM,https://docs.google.com/document/d/1Yznz1CoNrhD8dz8zeNMS6VVQcQHXWCeVDHxiWBvfDGQ/edit?usp=sharing
Browseblab,Milissent De Leek,35-0569648,mdec@va.gov,3:01 AM,9:03 PM,https://docs.google.com/document/d/1Yznz1CoNrhD8dz8zeNMS6VVQcQHXWCeVDHxiWBvfDGQ/edit?usp=sharing
Fanoodle,Percy Hellwig,55-9157246,phellwigd@yandex.ru,12:30 AM,2:39 PM,https://docs.google.com/document/d/1Yznz1CoNrhD8dz8zeNMS6VVQcQHXWCeVDHxiWBvfDGQ/edit?usp=sharing
Oyonder,Raffarty Coad,09-4195247,rcoade@parallels.com,8:45 AM,12:58 PM,https://docs.google.com/document/d/1Yznz1CoNrhD8dz8zeNMS6VVQcQHXWCeVDHxiWBvfDGQ/edit?usp=sharing
Thoughtsphere,Melba MacMakin,76-8614286,mmacmakinf@google.cn,1:42 AM,7:41 PM,https://docs.google.com/document/d/1Yznz1CoNrhD8dz8zeNMS6VVQcQHXWCeVDHxiWBvfDGQ/edit?usp=sharing
Photobug,Kirbee Baxster,29-1331888,kbaxsterg@amazon.de,7:10 AM,7:11 PM,https://docs.google.com/document/d/1Yznz1CoNrhD8dz8zeNMS6VVQcQHXWCeVDHxiWBvfDGQ/edit?usp=sharing
Dabfeed,Jenni Bortolini,72-9718042,jbortolinih@census.gov,1:35 AM,5:18 PM,https://docs.google.com/document/d/1Yznz1CoNrhD8dz8zeNMS6VVQcQHXWCeVDHxiWBvfDGQ/edit?usp=sharing
Fivespan,Dael Tiner,37-7380630,dtineri@shop-pro.jp,8:49 AM,10:37 PM,https://docs.google.com/document/d/1Yznz1CoNrhD8dz8zeNMS6VVQcQHXWCeVDHxiWBvfDGQ/edit?usp=sharing
Topicstorm,Eadmund Lohering,78-4286685,eloheringj@eepurl.com,7:17 AM,12:29 PM,https://docs.google.com/document/d/1Yznz1CoNrhD8dz8zeNMS6VVQcQHXWCeVDHxiWBvfDGQ/edit?usp=sharing
Yodoo,Cinderella Mularkey,57-0328014,cmularkeyk@ihg.com,7:16 AM,7:31 PM,https://docs.google.com/document/d/1Yznz1CoNrhD8dz8zeNMS6VVQcQHXWCeVDHxiWBvfDGQ/edit?usp=sharing
Einti,Octavia De Giorgis,17-4405763,odel@yandex.ru,8:35 AM,9:09 PM,https://docs.google.com/document/d/1Yznz1CoNrhD8dz8zeNMS6VVQcQHXWCeVDHxiWBvfDGQ/edit?usp=sharing
Jaxbean,Odele Ashlee,28-8202527,oashleem@fotki.com,10:02 AM,3:53 PM,https://docs.google.com/document/d/1Yznz1CoNrhD8dz8zeNMS6VVQcQHXWCeVDHxiWBvfDGQ/edit?usp=sharing
Aimbo,Dewain Dalrymple,50-6593678,ddalrymplen@yahoo.com,6:32 AM,5:11 PM,https://docs.google.com/document/d/1Yznz1CoNrhD8dz8zeNMS6VVQcQHXWCeVDHxiWBvfDGQ/edit?usp=sharing
Midel,Jenelle McVie,28-3561614,jmcvieo@nyu.edu,3:46 AM,7:08 PM,https://docs.google.com/document/d/1Yznz1CoNrhD8dz8zeNMS6VVQcQHXWCeVDHxiWBvfDGQ/edit?usp=sharing
Yakitri,Auroora Willingham,02-4545630,awillinghamp@cbslocal.com,2:54 AM,1:40 PM,https://docs.google.com/document/d/1Yznz1CoNrhD8dz8zeNMS6VVQcQHXWCeVDHxiWBvfDGQ/edit?usp=sharing
Fatz,Virgina Classen,12-9441357,vclassenq@sohu.com,9:57 AM,4:30 PM,https://docs.google.com/document/d/1Yznz1CoNrhD8dz8zeNMS6VVQcQHXWCeVDHxiWBvfDGQ/edit?usp=sharing
Meetz,Sabine Kingsman,29-5653582,skingsmanr@zdnet.com,2:17 AM,1:15 PM,https://docs.google.com/document/d/1Yznz1CoNrhD8dz8zeNMS6VVQcQHXWCeVDHxiWBvfDGQ/edit?usp=sharing
Blogspan,Lorain Tourot,32-3989574,ltourots@w3.org,9:36 AM,9:18 PM,https://docs.google.com/document/d/1Yznz1CoNrhD8dz8zeNMS6VVQcQHXWCeVDHxiWBvfDGQ/edit?usp=sharing
Ntags,Adela Cotsford,89-1835133,acotsfordt@taobao.com,3:10 AM,3:46 PM,https://docs.google.com/document/d/1Yznz1CoNrhD8dz8zeNMS6VVQcQHXWCeVDHxiWBvfDGQ/edit?usp=sharing
Snaptags,Casey Reape,85-2944116,creapeu@typepad.com,11:17 AM,6:22 PM,https://docs.google.com/document/d/1Yznz1CoNrhD8dz8zeNMS6VVQcQHXWCeVDHxiWBvfDGQ/edit?usp=sharing
Photojam,Osbert Durrand,92-6537876,,3:46 AM,12:44 PM,https://docs.google.com/document/d/1Yznz1CoNrhD8dz8zeNMS6VVQcQHXWCeVDHxiWBvfDGQ/edit?usp=sharing
Bubbletube,Vivianne Cosins,51-9426818,vcosinsw@usgs.gov,6:24 AM,4:35 PM,https://docs.google.com/document/d/1Yznz1CoNrhD8dz8zeNMS6VVQcQHXWCeVDHxiWBvfDGQ/edit?usp=sharing
Leexo,Rube Boynton,90-3948092,rboyntonx@mozilla.com,6:01 AM,9:57 PM,https://docs.google.com/document/d/1Yznz1CoNrhD8dz8zeNMS6VVQcQHXWCeVDHxiWBvfDGQ/edit?usp=sharing
Voolith,Donalt Wastall,81-9591102,dwastally@google.pl,9:27 AM,5:01 PM,https://docs.google.com/document/d/1Yznz1CoNrhD8dz8zeNMS6VVQcQHXWCeVDHxiWBvfDGQ/edit?usp=sharing
Brainlounge,Gwenette Orange,71-4876864,gorangez@behance.net,5:59 AM,10:41 PM,https://docs.google.com/document/d/1Yznz1CoNrhD8dz8zeNMS6VVQcQHXWCeVDHxiWBvfDGQ/edit?usp=sharing
Skimia,Sonnie Mustoo,40-3434054,smustoo10@hugedomains.com,1:02 AM,12:52 PM,https://docs.google.com/document/d/1Yznz1CoNrhD8dz8zeNMS6VVQcQHXWCeVDHxiWBvfDGQ/edit?usp=sharing
Katz,Fonz Bartolomeazzi,89-9120264,fbartolomeazzi11@cafepress.com,7:09 AM,3:01 PM,https://docs.google.com/document/d/1Yznz1CoNrhD8dz8zeNMS6VVQcQHXWCeVDHxiWBvfDGQ/edit?usp=sharing
Eadel,Florrie Tompkiss,10-2078143,ftompkiss12@nydailynews.com,10:50 AM,11:54 PM,https://docs.google.com/document/d/1Yznz1CoNrhD8dz8zeNMS6VVQcQHXWCeVDHxiWBvfDGQ/edit?usp=sharing
Blogspan,Lexis Patsall,81-4416908,lpatsall13@bloomberg.com,12:50 AM,5:22 PM,https://docs.google.com/document/d/1Yznz1CoNrhD8dz8zeNMS6VVQcQHXWCeVDHxiWBvfDGQ/edit?usp=sharing
Topicstorm,Nicolai Blampey,46-0717052,nblampey14@jugem.jp,12:51 AM,11:22 PM,https://docs.google.com/document/d/1Yznz1CoNrhD8dz8zeNMS6VVQcQHXWCeVDHxiWBvfDGQ/edit?usp=sharing
Ailane,Thurston Tatton,56-0999841,ttatton15@jigsy.com,6:43 AM,11:19 PM,https://docs.google.com/document/d/1Yznz1CoNrhD8dz8zeNMS6VVQcQHXWCeVDHxiWBvfDGQ/edit?usp=sharing
Topiczoom,Pierrette Honeywood,79-4286732,phoneywood16@seesaa.net,5:13 AM,7:44 PM,https://docs.google.com/document/d/1Yznz1CoNrhD8dz8zeNMS6VVQcQHXWCeVDHxiWBvfDGQ/edit?usp=sharing
Bubbletube,Layton Wilkerson,26-2503261,lwilkerson17@admin.ch,1:15 AM,10:33 PM,https://docs.google.com/document/d/1Yznz1CoNrhD8dz8zeNMS6VVQcQHXWCeVDHxiWBvfDGQ/edit?usp=sharing
Rhycero,Aprilette Stollenbeck,98-2702024,astollenbeck18@sciencedirect.com,9:31 AM,4:41 PM,https://docs.google.com/document/d/1Yznz1CoNrhD8dz8zeNMS6VVQcQHXWCeVDHxiWBvfDGQ/edit?usp=sharing
Topicware,Morse Tabourin,41-0378420,mtabourin19@sciencedirect.com,5:28 AM,2:53 PM,https://docs.google.com/document/d/1Yznz1CoNrhD8dz8zeNMS6VVQcQHXWCeVDHxiWBvfDGQ/edit?usp=sharing
Eayo,Pietrek Perfili,62-8243409,pperfili1a@state.tx.us,5:24 AM,6:27 PM,https://docs.google.com/document/d/1Yznz1CoNrhD8dz8zeNMS6VVQcQHXWCeVDHxiWBvfDGQ/edit?usp=sharing
Vitz,Eli Libermore,35-6893336,elibermore1b@ycombinator.com,3:20 AM,9:41 PM,https://docs.google.com/document/d/1Yznz1CoNrhD8dz8zeNMS6VVQcQHXWCeVDHxiWBvfDGQ/edit?usp=sharing
Thoughtworks,Chauncey Steddall,52-8934152,csteddall1c@domainmarket.com,8:49 AM,4:28 PM,https://docs.google.com/document/d/1Yznz1CoNrhD8dz8zeNMS6VVQcQHXWCeVDHxiWBvfDGQ/edit?usp=sharing
Feedfish,Dory Wedmore,63-6745677,dwedmore1d@businesswire.com,7:08 AM,2:15 PM,https://docs.google.com/document/d/1Yznz1CoNrhD8dz8zeNMS6VVQcQHXWCeVDHxiWBvfDGQ/edit?usp=sharing
Fivespan,Godiva Baison,46-6964402,gbaison1e@prnewswire.com,10:14 AM,12:06 PM,https://docs.google.com/document/d/1Yznz1CoNrhD8dz8zeNMS6VVQcQHXWCeVDHxiWBvfDGQ/edit?usp=sharing
Skippad,Mellisa Fitzjohn,51-4085053,mfitzjohn1f@paginegialle.it,1:35 AM,8:24 PM,https://docs.google.com/document/d/1Yznz1CoNrhD8dz8zeNMS6VVQcQHXWCeVDHxiWBvfDGQ/edit?usp=sharing
Rhynyx,Farrel Ligertwood,08-2674639,fligertwood1g@army.mil,4:08 AM,6:21 PM,https://docs.google.com/document/d/1Yznz1CoNrhD8dz8zeNMS6VVQcQHXWCeVDHxiWBvfDGQ/edit?usp=sharing
Rhyloo,Dede Filkov,34-3149333,dfilkov1h@reverbnation.com,2:37 AM,5:37 PM,https://docs.google.com/document/d/1Yznz1CoNrhD8dz8zeNMS6VVQcQHXWCeVDHxiWBvfDGQ/edit?usp=sharing
Kazio,Therese Basson,54-4654901,tbasson1i@google.es,5:31 AM,3:33 PM,https://docs.google.com/document/d/1Yznz1CoNrhD8dz8zeNMS6VVQcQHXWCeVDHxiWBvfDGQ/edit?usp=sharing
Aibox,Maxi Collumbine,71-6252077,mcollumbine1j@tmall.com,1:50 AM,5:31 PM,https://docs.google.com/document/d/1Yznz1CoNrhD8dz8zeNMS6VVQcQHXWCeVDHxiWBvfDGQ/edit?usp=sharing
Ntag,Arlana Broadhead,99-9671439,abroadhead1k@flavors.me,1:32 AM,7:13 PM,https://docs.google.com/document/d/1Yznz1CoNrhD8dz8zeNMS6VVQcQHXWCeVDHxiWBvfDGQ/edit?usp=sharing
Babbleopia,Kerrie Petkens,61-2542486,kpetkens1l@mozilla.org,9:29 AM,1:33 PM,https://docs.google.com/document/d/1Yznz1CoNrhD8dz8zeNMS6VVQcQHXWCeVDHxiWBvfDGQ/edit?usp=sharing
Agivu,Wally Chatelet,02-9433147,wchatelet1m@hexun.com,2:56 AM,4:10 PM,https://docs.google.com/document/d/1Yznz1CoNrhD8dz8zeNMS6VVQcQHXWCeVDHxiWBvfDGQ/edit?usp=sharing
BlogXS,Bay Limbourne,28-2111753,blimbourne1n@wix.com,1:35 AM,11:08 PM,https://docs.google.com/document/d/1Yznz1CoNrhD8dz8zeNMS6VVQcQHXWCeVDHxiWBvfDGQ/edit?usp=sharing
Tagchat,Kirk Sarfas,88-9639567,ksarfas1o@buzzfeed.com,2:14 AM,1:37 PM,https://docs.google.com/document/d/1Yznz1CoNrhD8dz8zeNMS6VVQcQHXWCeVDHxiWBvfDGQ/edit?usp=sharing
Photospace,Chancey McGaraghan,52-1793603,cmcgaraghan1p@feedburner.com,2:31 AM,1:33 PM,https://docs.google.com/document/d/1Yznz1CoNrhD8dz8zeNMS6VVQcQHXWCeVDHxiWBvfDGQ/edit?usp=sharing
Devify,Eb Nolan,05-1849169,enolan1q@sbwire.com,8:19 AM,10:11 PM,https://docs.google.com/document/d/1Yznz1CoNrhD8dz8zeNMS6VVQcQHXWCeVDHxiWBvfDGQ/edit?usp=sharing
Blogtag,Jude Matei,13-2413319,jmatei1r@amazonaws.com,7:08 AM,12:58 PM,https://docs.google.com/document/d/1Yznz1CoNrhD8dz8zeNMS6VVQcQHXWCeVDHxiWBvfDGQ/edit?usp=sharing
Ozu,Fidela Sterricks,78-6376331,fsterricks1s@nasa.gov,12:22 AM,8:15 PM,https://docs.google.com/document/d/1Yznz1CoNrhD8dz8zeNMS6VVQcQHXWCeVDHxiWBvfDGQ/edit?usp=sharing
Voomm,Pail Elcox,54-0688463,pelcox1t@about.com,4:15 AM,1:23 PM,https://docs.google.com/document/d/1Yznz1CoNrhD8dz8zeNMS6VVQcQHXWCeVDHxiWBvfDGQ/edit?usp=sharing
Twimbo,Kellby Frowen,57-2556805,kfrowen1u@who.int,6:35 AM,4:30 PM,https://docs.google.com/document/d/1Yznz1CoNrhD8dz8zeNMS6VVQcQHXWCeVDHxiWBvfDGQ/edit?usp=sharing
Edgeclub,Goldia Melmar,55-1806465,gmelmar1v@privacy.gov.au,2:57 AM,12:30 PM,https://docs.google.com/document/d/1Yznz1CoNrhD8dz8zeNMS6VVQcQHXWCeVDHxiWBvfDGQ/edit?usp=sharing
Brainsphere,Joshia Wigzell,32-4635393,jwigzell1w@princeton.edu,11:58 AM,3:41 PM,https://docs.google.com/document/d/1Yznz1CoNrhD8dz8zeNMS6VVQcQHXWCeVDHxiWBvfDGQ/edit?usp=sharing
Voomm,Jerrilee Andrysek,89-7757196,jandrysek1x@arizona.edu,9:31 AM,3:09 PM,https://docs.google.com/document/d/1Yznz1CoNrhD8dz8zeNMS6VVQcQHXWCeVDHxiWBvfDGQ/edit?usp=sharing
Jamia,Brent Soppit,75-1274740,bsoppit1y@gov.uk,6:38 AM,7:39 PM,https://docs.google.com/document/d/1Yznz1CoNrhD8dz8zeNMS6VVQcQHXWCeVDHxiWBvfDGQ/edit?usp=sharing
Jaxworks,Maryrose Purkiss,43-7392744,mpurkiss1z@yellowpages.com,3:47 AM,12:48 PM,https://docs.google.com/document/d/1Yznz1CoNrhD8dz8zeNMS6VVQcQHXWCeVDHxiWBvfDGQ/edit?usp=sharing
Twinder,Anette De Domenico,21-2354318,ade20@spiegel.de,4:37 AM,1:57 PM,https://docs.google.com/document/d/1Yznz1CoNrhD8dz8zeNMS6VVQcQHXWCeVDHxiWBvfDGQ/edit?usp=sharing
Livepath,Kile Fellenor,26-3412645,kfellenor21@senate.gov,11:52 AM,6:06 PM,https://docs.google.com/document/d/1Yznz1CoNrhD8dz8zeNMS6VVQcQHXWCeVDHxiWBvfDGQ/edit?usp=sharing
Pixope,Courtnay Huzzay,37-6261924,chuzzay22@answers.com,5:24 AM,5:21 PM,https://docs.google.com/document/d/1Yznz1CoNrhD8dz8zeNMS6VVQcQHXWCeVDHxiWBvfDGQ/edit?usp=sharing
Jayo,Erminie Skeene,78-0281229,eskeene23@comcast.net,9:47 AM,1:08 PM,https://docs.google.com/document/d/1Yznz1CoNrhD8dz8zeNMS6VVQcQHXWCeVDHxiWBvfDGQ/edit?usp=sharing
Bluejam,Fanya Massenhove,15-6479346,fmassenhove24@bandcamp.com,12:36 AM,11:13 PM,https://docs.google.com/document/d/1Yznz1CoNrhD8dz8zeNMS6VVQcQHXWCeVDHxiWBvfDGQ/edit?usp=sharing
Feedbug,Jean Norkett,02-6223322,,10:49 AM,12:35 PM,https://docs.google.com/document/d/1Yznz1CoNrhD8dz8zeNMS6VVQcQHXWCeVDHxiWBvfDGQ/edit?usp=sharing
Babblestorm,Conny Cream,97-1211471,ccream26@hostgator.com,8:22 AM,2:57 PM,https://docs.google.com/document/d/1Yznz1CoNrhD8dz8zeNMS6VVQcQHXWCeVDHxiWBvfDGQ/edit?usp=sharing
Wordtune,Blakelee Tebbett,89-6130362,btebbett27@bizjournals.com,11:05 AM,11:10 PM,https://docs.google.com/document/d/1Yznz1CoNrhD8dz8zeNMS6VVQcQHXWCeVDHxiWBvfDGQ/edit?usp=sharing
Zoomlounge,Klara Linnett,25-0785424,klinnett28@lulu.com,1:46 AM,12:05 PM,https://docs.google.com/document/d/1Yznz1CoNrhD8dz8zeNMS6VVQcQHXWCeVDHxiWBvfDGQ/edit?usp=sharing
Innotype,Geordie Gerling,03-4025616,ggerling29@hp.com,9:06 AM,1:34 PM,https://docs.google.com/document/d/1Yznz1CoNrhD8dz8zeNMS6VVQcQHXWCeVDHxiWBvfDGQ/edit?usp=sharing
Tagfeed,Meggi Hebson,40-1902737,mhebson2a@vinaora.com,12:09 AM,7:49 PM,https://docs.google.com/document/d/1Yznz1CoNrhD8dz8zeNMS6VVQcQHXWCeVDHxiWBvfDGQ/edit?usp=sharing
Feedbug,Hulda McKinless,72-1032795,hmckinless2b@tmall.com,4:20 AM,10:14 PM,https://docs.google.com/document/d/1Yznz1CoNrhD8dz8zeNMS6VVQcQHXWCeVDHxiWBvfDGQ/edit?usp=sharing
Buzzbean,Jesselyn Hamilton,37-2211242,jhamilton2c@techcrunch.com,3:59 AM,4:54 PM,https://docs.google.com/document/d/1Yznz1CoNrhD8dz8zeNMS6VVQcQHXWCeVDHxiWBvfDGQ/edit?usp=sharing
Photobean,Mireille Weal,50-9339362,mweal2d@webnode.com,2:37 AM,4:50 PM,https://docs.google.com/document/d/1Yznz1CoNrhD8dz8zeNMS6VVQcQHXWCeVDHxiWBvfDGQ/edit?usp=sharing
Meejo,Suzie Silverthorne,10-2062282,ssilverthorne2e@bizjournals.com,9:24 AM,6:46 PM,https://docs.google.com/document/d/1Yznz1CoNrhD8dz8zeNMS6VVQcQHXWCeVDHxiWBvfDGQ/edit?usp=sharing
Linktype,Chloris Grzegorecki,38-4684347,cgrzegorecki2f@yellowpages.com,10:45 AM,11:30 PM,https://docs.google.com/document/d/1Yznz1CoNrhD8dz8zeNMS6VVQcQHXWCeVDHxiWBvfDGQ/edit?usp=sharing
Twitterbridge,Whittaker Lorenzetti,68-6536042,wlorenzetti2g@yolasite.com,9:14 AM,5:12 PM,https://docs.google.com/document/d/1Yznz1CoNrhD8dz8zeNMS6VVQcQHXWCeVDHxiWBvfDGQ/edit?usp=sharing
Yamia,Ferrel Balme,69-9697464,fbalme2h@xinhuanet.com,7:11 AM,1:54 PM,https://docs.google.com/document/d/1Yznz1CoNrhD8dz8zeNMS6VVQcQHXWCeVDHxiWBvfDGQ/edit?usp=sharing
Realcube,Philippine Killeley,29-6549235,pkilleley2i@cisco.com,8:45 AM,9:53 PM,https://docs.google.com/document/d/1Yznz1CoNrhD8dz8zeNMS6VVQcQHXWCeVDHxiWBvfDGQ/edit?usp=sharing
Reallinks,Ellery Killwick,85-8188772,ekillwick2j@globo.com,12:55 AM,2:02 PM,https://docs.google.com/document/d/1Yznz1CoNrhD8dz8zeNMS6VVQcQHXWCeVDHxiWBvfDGQ/edit?usp=sharing
Camido,Dre Stroban,16-2072489,dstroban2k@unicef.org,6:15 AM,6:50 PM,https://docs.google.com/document/d/1Yznz1CoNrhD8dz8zeNMS6VVQcQHXWCeVDHxiWBvfDGQ/edit?usp=sharing
Yombu,Tybalt Burbidge,25-4271757,tburbidge2l@sun.com,1:15 AM,4:21 PM,https://docs.google.com/document/d/1Yznz1CoNrhD8dz8zeNMS6VVQcQHXWCeVDHxiWBvfDGQ/edit?usp=sharing
Roombo,Nadya Surmeir,55-0306701,nsurmeir2m@elpais.com,3:36 AM,9:40 PM,https://docs.google.com/document/d/1Yznz1CoNrhD8dz8zeNMS6VVQcQHXWCeVDHxiWBvfDGQ/edit?usp=sharing
Jabberbean,Minni Needham,04-1273948,mneedham2n@techcrunch.com,6:46 AM,12:28 PM,https://docs.google.com/document/d/1Yznz1CoNrhD8dz8zeNMS6VVQcQHXWCeVDHxiWBvfDGQ/edit?usp=sharing
Gigaclub,Benny Beneteau,04-2342863,bbeneteau2o@imdb.com,6:13 AM,4:37 PM,https://docs.google.com/document/d/1Yznz1CoNrhD8dz8zeNMS6VVQcQHXWCeVDHxiWBvfDGQ/edit?usp=sharing
Trudoo,Mile Wren,54-3596090,mwren2p@boston.com,8:40 AM,1:06 PM,https://docs.google.com/document/d/1Yznz1CoNrhD8dz8zeNMS6VVQcQHXWCeVDHxiWBvfDGQ/edit?usp=sharing
Gigazoom,Cathryn Cleever,04-4489215,ccleever2q@cyberchimps.com,8:37 AM,1:26 PM,https://docs.google.com/document/d/1Yznz1CoNrhD8dz8zeNMS6VVQcQHXWCeVDHxiWBvfDGQ/edit?usp=sharing
Skivee,Erroll Desporte,94-4072661,edesporte2r@google.es,3:36 AM,4:11 PM,https://docs.google.com/document/d/1Yznz1CoNrhD8dz8zeNMS6VVQcQHXWCeVDHxiWBvfDGQ/edit?usp=sharing
Fivebridge,Scot Warrior,57-6317310,swarrior2s@newyorker.com,3:39 AM,1:09 PM,https://docs.google.com/document/d/1Yznz1CoNrhD8dz8zeNMS6VVQcQHXWCeVDHxiWBvfDGQ/edit?usp=sharing
Tagpad,Wilfred Halkyard,60-6993206,whalkyard2t@acquirethisname.com,6:02 AM,10:47 PM,https://docs.google.com/document/d/1Yznz1CoNrhD8dz8zeNMS6VVQcQHXWCeVDHxiWBvfDGQ/edit?usp=sharing
Devpoint,Willa Donald,84-1424946,wdonald2u@accuweather.com,5:53 AM,1:32 PM,https://docs.google.com/document/d/1Yznz1CoNrhD8dz8zeNMS6VVQcQHXWCeVDHxiWBvfDGQ/edit?usp=sharing
Eimbee,Erinna Bendall,56-0656810,ebendall2v@lulu.com,5:10 AM,4:47 PM,https://docs.google.com/document/d/1Yznz1CoNrhD8dz8zeNMS6VVQcQHXWCeVDHxiWBvfDGQ/edit?usp=sharing
Dazzlesphere,Melesa Roderigo,91-1387065,mroderigo2w@howstuffworks.com,12:53 AM,2:13 PM,https://docs.google.com/document/d/1Yznz1CoNrhD8dz8zeNMS6VVQcQHXWCeVDHxiWBvfDGQ/edit?usp=sharing
Jaxnation,Karlens Cassel,28-6321272,,5:58 AM,12:42 PM,https://docs.google.com/document/d/1Yznz1CoNrhD8dz8zeNMS6VVQcQHXWCeVDHxiWBvfDGQ/edit?usp=sharing
Jetpulse,Amble Wessel,91-6583846,awessel2y@cloudflare.com,2:54 AM,10:12 PM,https://docs.google.com/document/d/1Yznz1CoNrhD8dz8zeNMS6VVQcQHXWCeVDHxiWBvfDGQ/edit?usp=sharing
Avaveo,Roseanne Picard,33-5762632,rpicard2z@slashdot.org,12:36 AM,10:05 PM,https://docs.google.com/document/d/1Yznz1CoNrhD8dz8zeNMS6VVQcQHXWCeVDHxiWBvfDGQ/edit?usp=sharing
Feedfish,Baryram Dummigan,00-6523537,bdummigan30@quantcast.com,7:59 AM,11:52 PM,https://docs.google.com/document/d/1Yznz1CoNrhD8dz8zeNMS6VVQcQHXWCeVDHxiWBvfDGQ/edit?usp=sharing
Npath,Florry Kildea,44-1628523,fkildea31@wsj.com,9:37 AM,11:42 PM,https://docs.google.com/document/d/1Yznz1CoNrhD8dz8zeNMS6VVQcQHXWCeVDHxiWBvfDGQ/edit?usp=sharing
Topicstorm,Nevile Fallen,86-9646021,,11:11 AM,7:29 PM,https://docs.google.com/document/d/1Yznz1CoNrhD8dz8zeNMS6VVQcQHXWCeVDHxiWBvfDGQ/edit?usp=sharing
Yoveo,Bert Yeomans,43-0759241,byeomans33@globo.com,3:40 AM,8:12 PM,https://docs.google.com/document/d/1Yznz1CoNrhD8dz8zeNMS6VVQcQHXWCeVDHxiWBvfDGQ/edit?usp=sharing
Oozz,Johann Godfree,39-4206223,jgodfree34@soundcloud.com,8:03 AM,3:58 PM,https://docs.google.com/document/d/1Yznz1CoNrhD8dz8zeNMS6VVQcQHXWCeVDHxiWBvfDGQ/edit?usp=sharing
Quatz,Astrix Densun,69-8135568,adensun35@blogspot.com,5:55 AM,2:02 PM,https://docs.google.com/document/d/1Yznz1CoNrhD8dz8zeNMS6VVQcQHXWCeVDHxiWBvfDGQ/edit?usp=sharing
Tagfeed,Lynnette Archibald,69-8812130,,7:36 AM,6:37 PM,https://docs.google.com/document/d/1Yznz1CoNrhD8dz8zeNMS6VVQcQHXWCeVDHxiWBvfDGQ/edit?usp=sharing
Wordtune,Bartel Kuhnhardt,77-8994185,,10:47 AM,8:31 PM,https://docs.google.com/document/d/1Yznz1CoNrhD8dz8zeNMS6VVQcQHXWCeVDHxiWBvfDGQ/edit?usp=sharing
Shufflester,Nissa Forcer,88-8592337,nforcer38@springer.com,3:43 AM,11:51 PM,https://docs.google.com/document/d/1Yznz1CoNrhD8dz8zeNMS6VVQcQHXWCeVDHxiWBvfDGQ/edit?usp=sharing
Wordify,Lucais Maile,44-0937315,,8:53 AM,12:35 PM,https://docs.google.com/document/d/1Yznz1CoNrhD8dz8zeNMS6VVQcQHXWCeVDHxiWBvfDGQ/edit?usp=sharing
Kwimbee,Claudia Worwood,57-0044813,cworwood3a@alibaba.com,12:45 AM,10:48 PM,https://docs.google.com/document/d/1Yznz1CoNrhD8dz8zeNMS6VVQcQHXWCeVDHxiWBvfDGQ/edit?usp=sharing
Skipfire,Zebedee Lambal,41-3016579,zlambal3b@google.es,2:10 AM,4:47 PM,https://docs.google.com/document/d/1Yznz1CoNrhD8dz8zeNMS6VVQcQHXWCeVDHxiWBvfDGQ/edit?usp=sharing
Leexo,Teddie Cogan,90-0740131,tcogan3c@wikimedia.org,7:23 AM,3:49 PM,https://docs.google.com/document/d/1Yznz1CoNrhD8dz8zeNMS6VVQcQHXWCeVDHxiWBvfDGQ/edit?usp=sharing
Wikivu,Fleming Nurse,27-9321980,fnurse3d@bluehost.com,8:53 AM,2:46 PM,https://docs.google.com/document/d/1Yznz1CoNrhD8dz8zeNMS6VVQcQHXWCeVDHxiWBvfDGQ/edit?usp=sharing
Twitternation,Wilfred Malmar,11-7402164,wmalmar3e@time.com,5:10 AM,9:25 PM,https://docs.google.com/document/d/1Yznz1CoNrhD8dz8zeNMS6VVQcQHXWCeVDHxiWBvfDGQ/edit?usp=sharing
Skiptube,Chelsey Cromett,25-6005044,ccromett3f@slashdot.org,1:21 AM,8:57 PM,https://docs.google.com/document/d/1Yznz1CoNrhD8dz8zeNMS6VVQcQHXWCeVDHxiWBvfDGQ/edit?usp=sharing
Jabbercube,Carson Molan,81-3841033,cmolan3g@bizjournals.com,1:24 AM,3:30 PM,https://docs.google.com/document/d/1Yznz1CoNrhD8dz8zeNMS6VVQcQHXWCeVDHxiWBvfDGQ/edit?usp=sharing
Trilia,Gilbertina Farran,61-6214897,gfarran3h@shareasale.com,1:31 AM,1:29 PM,https://docs.google.com/document/d/1Yznz1CoNrhD8dz8zeNMS6VVQcQHXWCeVDHxiWBvfDGQ/edit?usp=sharing
Yakidoo,Evania Twitchett,48-9782660,etwitchett3i@hud.gov,4:39 AM,5:28 PM,https://docs.google.com/document/d/1Yznz1CoNrhD8dz8zeNMS6VVQcQHXWCeVDHxiWBvfDGQ/edit?usp=sharing
Devshare,Lorry Carmen,05-1061926,lcarmen3j@microsoft.com,11:21 AM,1:24 PM,https://docs.google.com/document/d/1Yznz1CoNrhD8dz8zeNMS6VVQcQHXWCeVDHxiWBvfDGQ/edit?usp=sharing
Minyx,Rock Dominighi,71-0401758,rdominighi3k@artisteer.com,3:03 AM,10:23 PM,https://docs.google.com/document/d/1Yznz1CoNrhD8dz8zeNMS6VVQcQHXWCeVDHxiWBvfDGQ/edit?usp=sharing
Meezzy,Vergil Bastistini,23-5777771,vbastistini3l@howstuffworks.com,7:30 AM,8:44 PM,https://docs.google.com/document/d/1Yznz1CoNrhD8dz8zeNMS6VVQcQHXWCeVDHxiWBvfDGQ/edit?usp=sharing
Livetube,Kizzee Isakov,59-2447024,kisakov3m@google.ru,11:34 AM,10:52 PM,https://docs.google.com/document/d/1Yznz1CoNrhD8dz8zeNMS6VVQcQHXWCeVDHxiWBvfDGQ/edit?usp=sharing
Demizz,Roana Haxell,38-4353852,rhaxell3n@stanford.edu,12:13 AM,6:57 PM,https://docs.google.com/document/d/1Yznz1CoNrhD8dz8zeNMS6VVQcQHXWCeVDHxiWBvfDGQ/edit?usp=sharing
Fiveclub,Jacquie Goodayle,69-7485028,jgoodayle3o@exblog.jp,3:10 AM,5:02 PM,https://docs.google.com/document/d/1Yznz1CoNrhD8dz8zeNMS6VVQcQHXWCeVDHxiWBvfDGQ/edit?usp=sharing
Wikivu,Joey Freund,63-1019157,jfreund3p@time.com,8:29 AM,1:53 PM,https://docs.google.com/document/d/1Yznz1CoNrhD8dz8zeNMS6VVQcQHXWCeVDHxiWBvfDGQ/edit?usp=sharing
Kazio,Clive Lanigan,10-6109881,clanigan3q@seesaa.net,4:46 AM,5:00 PM,https://docs.google.com/document/d/1Yznz1CoNrhD8dz8zeNMS6VVQcQHXWCeVDHxiWBvfDGQ/edit?usp=sharing
Flashset,Turner Chevers,83-5059244,,8:52 AM,10:05 PM,https://docs.google.com/document/d/1Yznz1CoNrhD8dz8zeNMS6VVQcQHXWCeVDHxiWBvfDGQ/edit?usp=sharing
Riffpath,Karalee Starbeck,98-5336313,,2:05 AM,3:47 PM,https://docs.google.com/document/d/1Yznz1CoNrhD8dz8zeNMS6VVQcQHXWCeVDHxiWBvfDGQ/edit?usp=sharing
Youfeed,Mead Jenkison,40-5242706,mjenkison3t@tiny.cc,8:53 AM,9:38 PM,https://docs.google.com/document/d/1Yznz1CoNrhD8dz8zeNMS6VVQcQHXWCeVDHxiWBvfDGQ/edit?usp=sharing
Nlounge,Alex Justham,86-5489624,ajustham3u@yandex.ru,10:29 AM,9:08 PM,https://docs.google.com/document/d/1Yznz1CoNrhD8dz8zeNMS6VVQcQHXWCeVDHxiWBvfDGQ/edit?usp=sharing
Wikizz,Lynnell Vanner,73-2426756,lvanner3v@uiuc.edu,8:19 AM,6:06 PM,https://docs.google.com/document/d/1Yznz1CoNrhD8dz8zeNMS6VVQcQHXWCeVDHxiWBvfDGQ/edit?usp=sharing
Aibox,Judah Pollendine,86-6936294,jpollendine3w@sohu.com,5:15 AM,3:22 PM,https://docs.google.com/document/d/1Yznz1CoNrhD8dz8zeNMS6VVQcQHXWCeVDHxiWBvfDGQ/edit?usp=sharing
Einti,Carolina Duiged,19-1187607,cduiged3x@mlb.com,10:06 AM,11:31 PM,https://docs.google.com/document/d/1Yznz1CoNrhD8dz8zeNMS6VVQcQHXWCeVDHxiWBvfDGQ/edit?usp=sharing
Oodoo,Edith Springall,58-4856769,espringall3y@t-online.de,7:45 AM,6:22 PM,https://docs.google.com/document/d/1Yznz1CoNrhD8dz8zeNMS6VVQcQHXWCeVDHxiWBvfDGQ/edit?usp=sharing
Buzzshare,Ethelda Genn,20-8930757,egenn3z@uol.com.br,9:41 AM,6:21 PM,https://docs.google.com/document/d/1Yznz1CoNrhD8dz8zeNMS6VVQcQHXWCeVDHxiWBvfDGQ/edit?usp=sharing
Wordify,Cyndi Bidewell,15-0451385,cbidewell40@ucoz.com,7:22 AM,8:36 PM,https://docs.google.com/document/d/1Yznz1CoNrhD8dz8zeNMS6VVQcQHXWCeVDHxiWBvfDGQ/edit?usp=sharing
Tagfeed,Quintina Gibke,48-7960475,qgibke41@posterous.com,5:37 AM,2:33 PM,https://docs.google.com/document/d/1Yznz1CoNrhD8dz8zeNMS6VVQcQHXWCeVDHxiWBvfDGQ/edit?usp=sharing
Meedoo,Brooks Eldredge,37-8892831,beldredge42@ustream.tv,9:13 AM,9:47 PM,https://docs.google.com/document/d/1Yznz1CoNrhD8dz8zeNMS6VVQcQHXWCeVDHxiWBvfDGQ/edit?usp=sharing
Aimbu,Alyosha Brocklebank,83-4293309,abrocklebank43@multiply.com,6:52 AM,5:51 PM,https://docs.google.com/document/d/1Yznz1CoNrhD8dz8zeNMS6VVQcQHXWCeVDHxiWBvfDGQ/edit?usp=sharing
Quimba,Carla Treasaden,68-8674030,ctreasaden44@comsenz.com,11:43 AM,10:07 PM,https://docs.google.com/document/d/1Yznz1CoNrhD8dz8zeNMS6VVQcQHXWCeVDHxiWBvfDGQ/edit?usp=sharing
Browsetype,Kathie Byer,60-3901677,kbyer45@tuttocitta.it,5:15 AM,12:51 PM,https://docs.google.com/document/d/1Yznz1CoNrhD8dz8zeNMS6VVQcQHXWCeVDHxiWBvfDGQ/edit?usp=sharing
Voomm,Carroll Schindler,55-1392186,cschindler46@cbsnews.com,9:58 AM,9:10 PM,https://docs.google.com/document/d/1Yznz1CoNrhD8dz8zeNMS6VVQcQHXWCeVDHxiWBvfDGQ/edit?usp=sharing
Einti,Archy Scadden,86-5939868,ascadden47@aol.com,5:41 AM,12:06 PM,https://docs.google.com/document/d/1Yznz1CoNrhD8dz8zeNMS6VVQcQHXWCeVDHxiWBvfDGQ/edit?usp=sharing
Yacero,Yard Kummerlowe,84-8108898,ykummerlowe48@oakley.com,6:46 AM,12:18 PM,https://docs.google.com/document/d/1Yznz1CoNrhD8dz8zeNMS6VVQcQHXWCeVDHxiWBvfDGQ/edit?usp=sharing
Twimbo,Umeko Tale,70-6334970,,1:14 AM,9:40 PM,https://docs.google.com/document/d/1Yznz1CoNrhD8dz8zeNMS6VVQcQHXWCeVDHxiWBvfDGQ/edit?usp=sharing
Midel,Xenia Jorck,45-4604977,xjorck4a@bbb.org,12:23 AM,3:40 PM,https://docs.google.com/document/d/1Yznz1CoNrhD8dz8zeNMS6VVQcQHXWCeVDHxiWBvfDGQ/edit?usp=sharing
Devshare,Shalna Havers,10-1363034,,7:53 AM,6:40 PM,https://docs.google.com/document/d/1Yznz1CoNrhD8dz8zeNMS6VVQcQHXWCeVDHxiWBvfDGQ/edit?usp=sharing
Tazz,Duffy Apfler,71-6474009,dapfler4c@paypal.com,1:50 AM,12:59 PM,https://docs.google.com/document/d/1Yznz1CoNrhD8dz8zeNMS6VVQcQHXWCeVDHxiWBvfDGQ/edit?usp=sharing
Jazzy,La verne Dinis,52-8340936,lverne4d@ted.com,10:14 AM,9:42 PM,https://docs.google.com/document/d/1Yznz1CoNrhD8dz8zeNMS6VVQcQHXWCeVDHxiWBvfDGQ/edit?usp=sharing
Jayo,Filia McOwen,25-2710385,fmcowen4e@fc2.com,5:17 AM,8:24 PM,https://docs.google.com/document/d/1Yznz1CoNrhD8dz8zeNMS6VVQcQHXWCeVDHxiWBvfDGQ/edit?usp=sharing
Zoombeat,Marianne Fellos,58-6052766,mfellos4f@booking.com,11:53 AM,5:20 PM,https://docs.google.com/document/d/1Yznz1CoNrhD8dz8zeNMS6VVQcQHXWCeVDHxiWBvfDGQ/edit?usp=sharing
Livetube,Harrietta Cliffe,40-8532891,hcliffe4g@discuz.net,3:40 AM,10:12 PM,https://docs.google.com/document/d/1Yznz1CoNrhD8dz8zeNMS6VVQcQHXWCeVDHxiWBvfDGQ/edit?usp=sharing
Ntag,Agnella Pickup,35-0282555,apickup4h@pen.io,10:24 AM,11:52 PM,https://docs.google.com/document/d/1Yznz1CoNrhD8dz8zeNMS6VVQcQHXWCeVDHxiWBvfDGQ/edit?usp=sharing
Rhyzio,Tonye Ateridge,80-4279683,tateridge4i@dyndns.org,6:00 AM,10:38 PM,https://docs.google.com/document/d/1Yznz1CoNrhD8dz8zeNMS6VVQcQHXWCeVDHxiWBvfDGQ/edit?usp=sharing
Skippad,Danita Crollman,09-5097856,dcrollman4j@youtube.com,1:58 AM,2:51 PM,https://docs.google.com/document/d/1Yznz1CoNrhD8dz8zeNMS6VVQcQHXWCeVDHxiWBvfDGQ/edit?usp=sharing
Photospace,Aloise Tethacot,96-0643747,atethacot4k@slashdot.org,4:56 AM,10:48 PM,https://docs.google.com/document/d/1Yznz1CoNrhD8dz8zeNMS6VVQcQHXWCeVDHxiWBvfDGQ/edit?usp=sharing
Mymm,Lurline Goretti,50-3328206,lgoretti4l@tripadvisor.com,8:09 AM,10:27 PM,https://docs.google.com/document/d/1Yznz1CoNrhD8dz8zeNMS6VVQcQHXWCeVDHxiWBvfDGQ/edit?usp=sharing
Tekfly,Odie Lofting,23-7998197,olofting4m@who.int,2:52 AM,9:44 PM,https://docs.google.com/document/d/1Yznz1CoNrhD8dz8zeNMS6VVQcQHXWCeVDHxiWBvfDGQ/edit?usp=sharing
Kazio,Allyn Andrag,34-2606696,aandrag4n@state.tx.us,3:02 AM,5:13 PM,https://docs.google.com/document/d/1Yznz1CoNrhD8dz8zeNMS6VVQcQHXWCeVDHxiWBvfDGQ/edit?usp=sharing
Tagopia,Eustacia Somerbell,40-2496206,esomerbell4o@auda.org.au,9:19 AM,10:56 PM,https://docs.google.com/document/d/1Yznz1CoNrhD8dz8zeNMS6VVQcQHXWCeVDHxiWBvfDGQ/edit?usp=sharing
Katz,Faythe Glasspoole,26-3192720,fglasspoole4p@mac.com,7:21 AM,9:09 PM,https://docs.google.com/document/d/1Yznz1CoNrhD8dz8zeNMS6VVQcQHXWCeVDHxiWBvfDGQ/edit?usp=sharing
Buzzshare,Kamillah Challiss,92-8207976,kchalliss4q@xrea.com,11:22 AM,7:09 PM,https://docs.google.com/document/d/1Yznz1CoNrhD8dz8zeNMS6VVQcQHXWCeVDHxiWBvfDGQ/edit?usp=sharing
Flipbug,Audrie Waldocke,09-9422187,,5:28 AM,2:15 PM,https://docs.google.com/document/d/1Yznz1CoNrhD8dz8zeNMS6VVQcQHXWCeVDHxiWBvfDGQ/edit?usp=sharing
Quimm,Waverly Pawlett,81-6337995,wpawlett4s@yolasite.com,8:30 AM,5:33 PM,https://docs.google.com/document/d/1Yznz1CoNrhD8dz8zeNMS6VVQcQHXWCeVDHxiWBvfDGQ/edit?usp=sharing
Ainyx,Phillis Hennemann,88-0776895,,9:26 AM,7:12 PM,https://docs.google.com/document/d/1Yznz1CoNrhD8dz8zeNMS6VVQcQHXWCeVDHxiWBvfDGQ/edit?usp=sharing
Ainyx,Roxana Parradine,76-6672634,rparradine4u@github.com,1:28 AM,3:07 PM,https://docs.google.com/document/d/1Yznz1CoNrhD8dz8zeNMS6VVQcQHXWCeVDHxiWBvfDGQ/edit?usp=sharing
Devshare,Idell Templeton,95-6488181,itempleton4v@furl.net,5:11 AM,1:36 PM,https://docs.google.com/document/d/1Yznz1CoNrhD8dz8zeNMS6VVQcQHXWCeVDHxiWBvfDGQ/edit?usp=sharing
Talane,Ermin Mowle,53-2804727,emowle4w@tuttocitta.it,9:07 AM,3:44 PM,https://docs.google.com/document/d/1Yznz1CoNrhD8dz8zeNMS6VVQcQHXWCeVDHxiWBvfDGQ/edit?usp=sharing
Agivu,Mitchael Kitchingham,04-5178147,mkitchingham4x@marketwatch.com,3:47 AM,12:30 PM,https://docs.google.com/document/d/1Yznz1CoNrhD8dz8zeNMS6VVQcQHXWCeVDHxiWBvfDGQ/edit?usp=sharing
Linklinks,Frants Jiranek,41-6067199,fjiranek4y@behance.net,3:04 AM,3:17 PM,https://docs.google.com/document/d/1Yznz1CoNrhD8dz8zeNMS6VVQcQHXWCeVDHxiWBvfDGQ/edit?usp=sharing
Thoughtbridge,Chet Bestiman,03-9735498,cbestiman4z@stumbleupon.com,10:13 AM,8:05 PM,https://docs.google.com/document/d/1Yznz1CoNrhD8dz8zeNMS6VVQcQHXWCeVDHxiWBvfDGQ/edit?usp=sharing
Yadel,Cristabel Backen,56-9921295,cbacken50@cnet.com,5:49 AM,6:05 PM,https://docs.google.com/document/d/1Yznz1CoNrhD8dz8zeNMS6VVQcQHXWCeVDHxiWBvfDGQ/edit?usp=sharing
Podcat,Margery Marston,39-7162694,mmarston51@statcounter.com,2:15 AM,10:02 PM,https://docs.google.com/document/d/1Yznz1CoNrhD8dz8zeNMS6VVQcQHXWCeVDHxiWBvfDGQ/edit?usp=sharing
Mydeo,Lyell McCurry,30-0288713,lmccurry52@jigsy.com,12:23 AM,2:15 PM,https://docs.google.com/document/d/1Yznz1CoNrhD8dz8zeNMS6VVQcQHXWCeVDHxiWBvfDGQ/edit?usp=sharing
Tazzy,Pietro Hubatsch,75-6430033,phubatsch53@cmu.edu,11:02 AM,7:41 PM,https://docs.google.com/document/d/1Yznz1CoNrhD8dz8zeNMS6VVQcQHXWCeVDHxiWBvfDGQ/edit?usp=sharing
Pixope,Tiertza Presland,51-0588508,tpresland54@microsoft.com,10:42 AM,3:42 PM,https://docs.google.com/document/d/1Yznz1CoNrhD8dz8zeNMS6VVQcQHXWCeVDHxiWBvfDGQ/edit?usp=sharing
Eimbee,Stanislaw Skaife d'Ingerthorpe,53-5267471,sskaife55@google.pl,7:28 AM,5:15 PM,https://docs.google.com/document/d/1Yznz1CoNrhD8dz8zeNMS6VVQcQHXWCeVDHxiWBvfDGQ/edit?usp=sharing
InnoZ,Rainer Breston,00-9898887,rbreston56@foxnews.com,8:57 AM,5:54 PM,https://docs.google.com/document/d/1Yznz1CoNrhD8dz8zeNMS6VVQcQHXWCeVDHxiWBvfDGQ/edit?usp=sharing
Wikizz,Erminia Morfield,79-3225937,emorfield57@unesco.org,9:03 AM,4:08 PM,https://docs.google.com/document/d/1Yznz1CoNrhD8dz8zeNMS6VVQcQHXWCeVDHxiWBvfDGQ/edit?usp=sharing
Realfire,Isabeau Germon,04-2080062,igermon58@geocities.com,1:45 AM,11:09 PM,https://docs.google.com/document/d/1Yznz1CoNrhD8dz8zeNMS6VVQcQHXWCeVDHxiWBvfDGQ/edit?usp=sharing
Oyope,Francesca Curthoys,32-7138288,fcurthoys59@rambler.ru,6:18 AM,11:25 PM,https://docs.google.com/document/d/1Yznz1CoNrhD8dz8zeNMS6VVQcQHXWCeVDHxiWBvfDGQ/edit?usp=sharing
Realfire,Washington Cavilla,79-7911135,wcavilla5a@wisc.edu,2:31 AM,5:23 PM,https://docs.google.com/document/d/1Yznz1CoNrhD8dz8zeNMS6VVQcQHXWCeVDHxiWBvfDGQ/edit?usp=sharing
Youtags,Andree Muldowney,92-2167943,amuldowney5b@lulu.com,4:39 AM,10:38 PM,https://docs.google.com/document/d/1Yznz1CoNrhD8dz8zeNMS6VVQcQHXWCeVDHxiWBvfDGQ/edit?usp=sharing
Flashdog,Martyn Gaythorpe,94-4307893,mgaythorpe5c@indiegogo.com,7:25 AM,4:30 PM,https://docs.google.com/document/d/1Yznz1CoNrhD8dz8zeNMS6VVQcQHXWCeVDHxiWBvfDGQ/edit?usp=sharing
Trilith,Clim Toffolo,10-8961196,ctoffolo5d@list-manage.com,7:55 AM,10:51 PM,https://docs.google.com/document/d/1Yznz1CoNrhD8dz8zeNMS6VVQcQHXWCeVDHxiWBvfDGQ/edit?usp=sharing
Avamm,Josi Hovington,37-3159879,jhovington5e@si.edu,7:44 AM,12:01 PM,https://docs.google.com/document/d/1Yznz1CoNrhD8dz8zeNMS6VVQcQHXWCeVDHxiWBvfDGQ/edit?usp=sharing
Trupe,Rikki Scamaden,77-5580534,rscamaden5f@psu.edu,12:52 AM,5:29 PM,https://docs.google.com/document/d/1Yznz1CoNrhD8dz8zeNMS6VVQcQHXWCeVDHxiWBvfDGQ/edit?usp=sharing
Trilia,Demetri Matuschek,97-4186211,dmatuschek5g@hatena.ne.jp,10:55 AM,9:23 PM,https://docs.google.com/document/d/1Yznz1CoNrhD8dz8zeNMS6VVQcQHXWCeVDHxiWBvfDGQ/edit?usp=sharing
Babbleset,Bancroft Spino,92-6081558,bspino5h@nasa.gov,8:35 AM,1:28 PM,https://docs.google.com/document/d/1Yznz1CoNrhD8dz8zeNMS6VVQcQHXWCeVDHxiWBvfDGQ/edit?usp=sharing
Oloo,Caro Thurlow,93-2012589,cthurlow5i@mayoclinic.com,9:37 AM,1:39 PM,https://docs.google.com/document/d/1Yznz1CoNrhD8dz8zeNMS6VVQcQHXWCeVDHxiWBvfDGQ/edit?usp=sharing
Camido,Charleen Rodell,76-6314461,crodell5j@alexa.com,9:55 AM,3:11 PM,https://docs.google.com/document/d/1Yznz1CoNrhD8dz8zeNMS6VVQcQHXWCeVDHxiWBvfDGQ/edit?usp=sharing